-- phpMyAdmin SQL Dump
-- version 5.1.0
-- https://www.phpmyadmin.net/
--
-- Host: 127.0.0.1
-- Generation Time: Jul 05, 2021 at 01:24 PM
-- Server version: 10.4.18-MariaDB
-- PHP Version: 7.4.16

SET SQL_MODE = "NO_AUTO_VALUE_ON_ZERO";
START TRANSACTION;
SET time_zone = "+00:00";


/*!40101 SET @OLD_CHARACTER_SET_CLIENT=@@CHARACTER_SET_CLIENT */;
/*!40101 SET @OLD_CHARACTER_SET_RESULTS=@@CHARACTER_SET_RESULTS */;
/*!40101 SET @OLD_COLLATION_CONNECTION=@@COLLATION_CONNECTION */;
/*!40101 SET NAMES utf8mb4 */;

--
-- Database: `alkafigroup_kafi_end`
--

-- --------------------------------------------------------

--
-- Table structure for table `aqars`
--

CREATE TABLE `aqars` (
  `id` bigint(20) UNSIGNED NOT NULL,
  `slug` varchar(255) COLLATE utf8mb4_unicode_ci DEFAULT NULL,
  `title` varchar(255) COLLATE utf8mb4_unicode_ci NOT NULL,
  `description` longtext COLLATE utf8mb4_unicode_ci NOT NULL,
  `excerpt` text COLLATE utf8mb4_unicode_ci DEFAULT NULL,
  `vip` tinyint(1) DEFAULT NULL,
  `finannce_bank` tinyint(1) DEFAULT NULL,
  `licensed` tinyint(1) DEFAULT NULL,
  `trade` tinyint(1) DEFAULT NULL,
  `number_of_floors` int(11) DEFAULT NULL,
  `total_area` double DEFAULT NULL,
  `rooms` int(11) DEFAULT NULL,
  `baths` int(11) DEFAULT NULL,
  `floor` int(11) DEFAULT NULL,
  `ground_area` double DEFAULT NULL,
  `land_area` double DEFAULT NULL,
  `downpayment` double DEFAULT NULL,
  `installment_time` int(11) DEFAULT NULL,
  `installment_value` double DEFAULT NULL,
  `monthly_rent` double DEFAULT NULL,
  `rent_long_time` tinyint(1) DEFAULT NULL,
  `created_at` timestamp NULL DEFAULT NULL,
  `updated_at` timestamp NULL DEFAULT NULL,
  `offer_type` int(11) NOT NULL,
  `property_type` int(11) NOT NULL,
  `license_type` int(11) NOT NULL,
  `mtr_price` double DEFAULT NULL,
  `reciving` tinyint(4) DEFAULT NULL,
  `rec_time` text COLLATE utf8mb4_unicode_ci DEFAULT NULL,
  `user_id` bigint(20) NOT NULL,
  `category` int(11) NOT NULL,
  `location` int(11) DEFAULT NULL,
  `call_id` int(11) NOT NULL DEFAULT 3,
  `endorsement` tinyint(1) DEFAULT NULL,
  `total_price` double DEFAULT NULL,
  `finishtype` int(11) NOT NULL,
  `governrate_id` int(11) DEFAULT NULL,
  `district_id` int(11) NOT NULL,
  `area_id` int(11) DEFAULT NULL,
  `compound` int(11) DEFAULT NULL,
  `points_avail` int(11) DEFAULT NULL
) ENGINE=InnoDB DEFAULT CHARSET=utf8mb4 COLLATE=utf8mb4_unicode_ci;

--
-- Dumping data for table `aqars`
--

INSERT INTO `aqars` (`id`, `slug`, `title`, `description`, `excerpt`, `vip`, `finannce_bank`, `licensed`, `trade`, `number_of_floors`, `total_area`, `rooms`, `baths`, `floor`, `ground_area`, `land_area`, `downpayment`, `installment_time`, `installment_value`, `monthly_rent`, `rent_long_time`, `created_at`, `updated_at`, `offer_type`, `property_type`, `license_type`, `mtr_price`, `reciving`, `rec_time`, `user_id`, `category`, `location`, `call_id`, `endorsement`, `total_price`, `finishtype`, `governrate_id`, `district_id`, `area_id`, `compound`, `points_avail`) VALUES
(145344, 'عقار بالتجمع الخامس يطل على حملم سباحه', 'عقار بالتجمع الخامس يطل على حملم سباحه', 'هناك حقيقة مثبتة منذ زمن طويل وهي أن المحتوى المقروء لصفحة ما سيلهي القارئ عن التركيز على الشكل الخارجي للنص أو شكل توضع الفقرات في الصفحة التي يقرأها. ولذلك يتم استخدام طريقة لوريم إيبسوم لأنها تعطي توزيعاَ طبيعياَ -إلى حد ما- للأحرف عوضاً عن استخدام', 'aaaaaaaaa', 0, 1, 1, 1, NULL, 320, 3, 2, 1, NULL, NULL, NULL, NULL, NULL, NULL, NULL, '2021-06-08 16:15:23', '2021-06-08 16:15:23', 1, 1, 1, NULL, NULL, NULL, 1, 1, 1, 1, NULL, NULL, 1, 0, 0, 0, NULL, NULL),
(145361, 'شقه في سكنات المعادي', 'شقه في سكنات المعادي', 'فرصه للاستثمار للبيع شقه بسرايات المعادي سوبر لوكس بالفرش والاجهزه ( ثلاجه _ ديب فريزر _ميكرويف _غساله مجفف _غساله اطباق _بوتجاز فرن هود _مكنسه _ ٢ شاشات ال دي ) ومكيفه متاجرة لدبلوماسي بالدولار وباقي من العقد عام٣ غرف ٣ حمامات ٢ بالكون رسبشن قطعتين', 'aaaaaaaaa', 0, 1, 1, 1, NULL, 300, 5, 2, 10, NULL, NULL, NULL, NULL, NULL, NULL, NULL, '2021-06-09 13:58:17', '2021-06-09 13:58:17', 1, 1, 1, NULL, NULL, NULL, 1, 1, 1, 1, NULL, NULL, 1, 0, 0, 0, NULL, NULL),
(145362, 'شقه في حدائق الاهرام البوابه الاولي', 'شقه في حدائق الاهرام البوابه الاولي', 'شقة غرفتين وريسبشن و2حمام ومطبخ تشطيب سوبرلوكس غاز طبيعى قريبه جدا من البوابة 400 ألف جنية بحدائق الاهرامدوبلكس ثلاث غرف نوم وريسبشن و2حمام ومطبخ كبير تشطيب سوبرلوكس غاز طبيعى عداد كهرباء 200متر برج اسانسير شغال سعر 400 ألف جنية بفيصلثلاث غرف نوم وريسبشن و2حمام ومطبخ كبير تشطيب سوبرلوكس 200 متر سعر المتر 3800 جنية بحدائق الاهرامثلاث غرف نوم وريسبشن وحمام ومطبخ تشطيب سوبرلوكس غاز طبيعى عداد كهرباء قديم سعر 280 ألف جنية بفيصلأرضى بجنينه مساحة 150متر ثلاث غرف وريسبشن 3قطع و2حمام ومطبخ كبير تشطيب سوبرلوكس غاز طبيعى قريبه جدا من البوابة سعر المتر المتشطب 4000جنيه وسعر المحاره 3500جنية بحدائق الاهرامغرفتين وريسبشن وحمام ومطبخ تشطيب سوبرلوكس غاز طبيعى عداد كهرباء قديم غاز طبيعى عداد كهرباء قديم 175 ألف جنية بفيصلروف ثلاث غرف نوم وريسبشن 3قطع و2حمام ومطبخ كبير تشطيب سوبرلوكس غاز طبيعى سعر المتر 4000جنيه والمحاره 3500جنية بحدائق الاهرامثلاث غرف نوم وريسبشن وحمام ومطبخ برج واسانسير شغال وعداد كهرباء راكب علي الطوب الأحمر 190 ألف جنية بفيصلغرفتين وريسبشن وحمام ومطبخ 90متر محاره وحلوق واساسيات كهرباء وعداد كهرباء راكب واساسيات سباكة وكرنيش ومصيص سعر المتر 3200جنية بحدائق الاهرامثلاث غرف نوم وريسبشن وحمام ومطبخ تشطيب سوبرلوكس غاز طبيعى عداد كهرباء قديم برج اسانسير شغال تشطيب 320 ألف جنية بفيصلدوبلكس مدخل خاص حديقة خاصة ثلاث غرف نوم وريسبشن 4قطع 3حمام مطبخ كبير تشطيب سوبرلوكس غاز طبيعى قريبه جدا من البوابة سعر المتر المتشطب 4000جنيه وسعر المحاره 3500جنية بحدائق الاهرامتجارى يصلح لجميع الأنشطة مساحة 100متر سعر المتر 10000 جنية', 'aaaaaaaaa', 0, 0, 0, 0, NULL, 120, 3, 2, 5, NULL, NULL, NULL, NULL, NULL, NULL, NULL, '2021-06-09 14:12:05', '2021-06-09 14:12:05', 1, 2, 1, NULL, NULL, NULL, 1, 1, 1, 5, NULL, NULL, 1, NULL, 0, 0, NULL, NULL),
(145363, 'عقار ف حدايق المعادي والزهراء', 'عقار ف حدايق المعادي والزهراء', 'عماره تضم 20 دور مزوده باسانسير وجراج وامن ويوجد من حولها جميع الخدمات المطلوبه', 'aaaaaaaaa', 0, 0, 0, 1, 15, 500, NULL, NULL, NULL, NULL, NULL, 50000, 24, 7000, NULL, NULL, '2021-06-09 14:13:41', '2021-06-09 14:13:41', 2, 7, 1, 2000, 0, '2025', 1, 3, 1, 5, NULL, 1000000, 2, NULL, 0, 0, NULL, NULL),
(145364, 'عقار ف حدايق المعادي والزهراء زدار السلام', 'عقار ف حدايق المعادي والزهراء زدار السلام', 'عماره تضم 20 دور مزوده باسانسير وجراج وامن ويوجد من حولها جميع الخدمات المطلوبه', 'aaaaaaaaa', 0, 0, 0, 1, 15, 500, NULL, NULL, NULL, NULL, NULL, 50000, 24, 7000, NULL, NULL, '2021-06-09 14:16:11', '2021-06-09 14:16:11', 2, 7, 1, 2000, 0, '2025', 1, 3, 1, 5, NULL, NULL, 2, NULL, 0, 0, NULL, NULL),
(145372, 'للبيع شقة 230 في ارقى موقع في ميامي سوبر لوكس', 'للبيع شقة 230 في ارقى موقع في ميامي سوبر لوكس', 'للبيع شقة في ارقى موقع في ميامي موقع راقي عمارة شيك جدا مسشاحة 230م 3غرف نوم و3حمام ورسبسن 3 قطع ومطبخ بلكونات تشطيب اكسترا سوبر لوكس واجهه دور رابع اسانسير مدخل شيك مسجلة شهر عقاري', 'aaaaaaaaa', 0, 1, 1, 1, NULL, 230, 3, 3, 4, NULL, NULL, NULL, NULL, NULL, NULL, NULL, '2021-06-10 11:12:13', '2021-06-10 11:12:13', 1, 1, 1, NULL, NULL, NULL, 1, 1, 1, 5, 1, NULL, 1, 2, 0, 0, NULL, NULL),
(145380, 'شقه للبيع في المعادي', 'شقه للبيع في المعادي', 'شقه للبيع في المعادي شقه للبيع في المعادي', 'aaaaaaaaa', 0, 0, 1, 0, NULL, 180, 5, 2, 3, NULL, NULL, NULL, NULL, NULL, NULL, NULL, '2021-06-10 11:57:22', '2021-06-10 11:57:22', 1, 1, 1, NULL, NULL, NULL, 1, 1, 1, 1, 1, NULL, 2, 1, 0, 0, NULL, NULL),
(145383, 'للبيع شقة 250م شارع الجهاد المهندسين متفرع من لبنان', 'للبيع شقة 250م شارع الجهاد المهندسين متفرع من لبنان', 'للبيع شقة في المهندسين شارع الجهاد موقع مميز مساحة 210م مسجلة شهر عقاري4غرف نوم و3حمام ماستر ورسبشن 3قطع مطبخ بلكونة كبيرة تشطيب اكسترا سوبر لوكس واجهه مميزة دورسادس 2اسانسير مدخل شيك امن 24 ساعة للتواصل 01128883453', 'aaaaaaaaa', 0, 1, 1, 0, NULL, 220, 4, 3, 5, NULL, NULL, NULL, NULL, NULL, NULL, NULL, '2021-06-10 12:27:12', '2021-06-10 12:27:12', 1, 1, 1, NULL, NULL, NULL, 1, 1, 1, 5, 1, NULL, 2, 1, 1, 2, NULL, NULL),
(145384, 'للبيع شقة 185م الاسكندرية محرم بك', 'للبيع شقة 185م الاسكندرية محرم بك', 'للبيع شقة في الايسكندرية موقع مميز شارع محرم بك موقع مميز مساحة 185م  3غرف نوم و2حمام ماستر ورسبشن 3قطع مطبخ بلكونة كبيرة تشطيب اكسترا سوبر لوكس واجهه مميزة دوررابع 2اسانسير مدخل شيك امن 24 ساعة TDG 375', 'aaaaaaaaa', 0, NULL, NULL, NULL, NULL, 185, 5, 3, 13, NULL, NULL, 400000, 24, 5000, NULL, NULL, '2021-06-10 12:34:03', '2021-06-10 12:34:03', 2, 1, 1, 8000, 0, '2024', 1, 1, 1, 5, 1, NULL, 5, 2, 0, 0, NULL, NULL),
(145385, 'للبيع فيلا 620م الجيزة شارع البحر الاعظم تشطيب راقي', 'للبيع فيلا 620م الجيزة شارع البحر الاعظم تشطيب راقي', 'للبيع فيلا في  موقع مميز مساحة 620م مسجلة شهر عقاري 6غرف نوم و4حمام ماستر ورسبشن 4قطع مطبخ بلكونة كبيرة تشطيب اكسترا سوبر لوكس واجهه مميزة دوررابع 2اسانسير مدخل شيك امن 24 ساعة حمام سباحة وجنينه خاصة', 'aaaaaaaaa', 0, 0, 1, 1, NULL, 620, 6, 5, NULL, NULL, NULL, NULL, NULL, NULL, NULL, NULL, '2021-06-10 12:39:40', '2021-06-10 12:39:40', 1, 2, 1, NULL, NULL, NULL, 1, 1, 1, 5, 1, NULL, 5, 12, 0, 0, NULL, NULL),
(145388, 'للايجار قانون جديد 205م المعراج العلوي', 'للايجار قانون جديد 205م المعراج العلوي', 'شقة للايجار المعراج العلوى موقع مميز بالقرب من كارفور المعادى 205 مشقة للايجار المعراج العلوى موقع مميز بالقرب من كارفور المعادى 205 م ( 3 غرف - 2 حمام - ريسبشن 3 قطع - مطبخ ) تشطيب سوبر لوكس - 2اسانسير - جراج', 'aaaaaaaaa', 0, NULL, NULL, NULL, NULL, 205, 4, 3, 11, NULL, NULL, NULL, NULL, NULL, 6000, NULL, '2021-06-10 12:52:50', '2021-06-10 12:52:50', 3, 1, 1, NULL, NULL, NULL, 1, 1, 1, 5, 1, NULL, 2, 2, 0, 0, NULL, NULL),
(145420, 'للايجار الاداري قانون جديد 300م بالاسكندرية', 'للايجار الاداري قانون جديد 300م بالاسكندرية', 'شقة للايجار الاداري بالاسكندرية مساحة 300 مشقة  للايجار الاداري بالاسكندرية مساحة 300 م( 5غرف - 3حمام - ريسبشن 3 قطع - مطبخ ) تشطيب سوبر لوكس - 2اسانسير - جراج', 'aaaaaaaaa', 0, NULL, NULL, NULL, NULL, 300, 5, 3, 1, NULL, NULL, NULL, NULL, NULL, 9000, NULL, '2021-06-10 13:25:26', '2021-06-10 13:25:26', 3, 8, 1, NULL, NULL, NULL, 1, 1, 1, 1, 1, NULL, 1, 2, 0, 0, NULL, NULL),
(145464, 'للبيع فيلا شارع 268 المعادي موقع مميز', 'للبيع فيلا شارع 268 المعادي موقع مميز', 'للبيع فيلا في ارقى موقع المعادي شارع 268 موقع مميز مساحة الارض 600م والبناء ارضي و3دور وروف كل دور 400م وجنينة خاصة حمام سباحة امن', 'aaaaaaaaa', 0, 1, 1, 1, NULL, 1500, 10, 6, 0, NULL, NULL, NULL, NULL, NULL, NULL, NULL, '2021-06-12 07:13:18', '2021-06-12 07:13:18', 1, 2, 1, NULL, NULL, NULL, 1, 1, 1, 5, 1, NULL, 1, 1, 0, 0, NULL, NULL),
(145477, 'للبيع شقة 162م كمباوند الاميرال زهراء المعادي الشطر العاشر', 'للبيع شقة 162م كمباوند الاميرال زهراء المعادي الشطر العاشر', 'للبيع شقة في زهراء المعادي الشطر العاشر كمباوند الاميرال موقع تحفة 162م 3غرفة نوم و2حمام ورسبشن ثلاث قطع ومطبخ نص تشطيب محارة وحلوق جنينة خاصة مداخل فندقية للاستعلام 01128883453', 'aaaaaaaaa', 0, NULL, NULL, 1, NULL, NULL, 3, 2, NULL, NULL, NULL, NULL, NULL, NULL, NULL, NULL, '2021-06-12 17:17:40', '2021-06-12 17:17:40', 1, 1, 1, NULL, NULL, NULL, 1, 1, 1, 5, 1, 1400000, 5, 1, 1, 0, NULL, NULL),
(145493, 'صيداليه في حدائق الاهرام البوابه الثانيه', 'صيداليه في حدائق الاهرام البوابه الثانيه', ',p;jklmnjklbnjomlniopnlm iounolkmjknuipoklmiono', 'aaaaaaaaa', 0, NULL, NULL, NULL, NULL, NULL, 4, 1, NULL, NULL, NULL, NULL, NULL, NULL, 5000, NULL, '2021-06-13 13:31:52', '2021-06-13 13:31:52', 4, 1, 1, NULL, NULL, NULL, 1, 1, 1, 1, 1, NULL, 2, 1, 4, 0, NULL, NULL),
(145494, 'شقه في زهراء المعادي', 'للبيع شقة 162م كمباوند الاميرال زهراء المعادي الشطر العاشر', 'شقه مفروشه للايجار في زهراء المعادىفي شارع الخمسين دور سادس يوجد اسانسير مكيفه بالكامل ٣ غرف و ٢ حماممطلوب 7000 الالف جنيه لوكيشن مميز لدينا شقق مختلفة بأسعار مخفضة شركه نور الدين للتسويق العقاري ت الواتس مطلوب مده التعاقد سنة 0159255735', 'aaaaaaaaa', 1, 1, 1, 1, 0, 200, 5, 2, NULL, NULL, NULL, 25000, 24, 1700, NULL, NULL, '2021-06-13 13:48:31', '2021-06-13 13:48:31', 2, 1, 1, 500, 1, NULL, 1, 1, 1, 1, 1, 250000, 1, 1, 1, 0, NULL, NULL),
(145495, 'للبيع شقة 320م سرايات المعادي شارع النهضة موقع راقي', 'للبيع شقة 320م سرايات المعادي شارع النهضة موقع راقي', 'للبيع شقة تحفة في سرايات المعادي شارع النهضة موقع مميز 320م 4غرف نوم و3حمام ورسبسن اربع قطع ومطبخ بلكونات كبيرة دور رابع 2اسانسير مدخل شيك حصة بالجراج امن 24 ساعة مسجلة شهر عقاري TSR 213', 'aaaaaaaaa', 1, 1, NULL, 1, NULL, 320, 4, 3, NULL, NULL, NULL, NULL, NULL, NULL, NULL, NULL, '2021-06-13 14:44:35', '2021-06-13 14:44:35', 1, 1, 1, NULL, NULL, NULL, 1, 1, 1, 1, 1, 5200000, 1, 1, 1, 0, NULL, NULL),
(145496, 'للبيع شقة في كمباوند دارنا 155م سوبر لوكس واجهه مميزة', 'للبيع شقة في كمباوند دارنا 155م سوبر لوكس واجهه مميزة', 'للبيع على وجه السرعة شقة تحفة كمباوند دارنا خطوات من كارفور المعادي 155م 2غرفة نوم ولفنج و2حمام ورسبشن ثلاث قطع ومطبخ بلكونة كبيرة تشطيب اكسترا سوبر لوكس دور مميز 2اسانسير مدخل شيك TD 1961', 'aaaaaaaaa', 1, 1, NULL, 0, NULL, 155, 2, 2, NULL, NULL, NULL, NULL, NULL, NULL, NULL, NULL, '2021-06-13 14:47:09', '2021-06-13 14:47:09', 1, 1, 1, NULL, NULL, NULL, 1, 1, 1, 5, 1, 1200000, 1, 1, 1, 0, NULL, NULL),
(145497, 'للبيع 135م زهراء المعادي شارع نادي وادي دجلة موقع راقي', 'للبيع 135م زهراء المعادي شارع نادي وادي دجلة موقع راقي', 'للبيع على وجه السرعة لظروف السفر شقة في زهاء المعادي شارع نادي وادي دجلة 135م 2غرفة نوم و2حمام ورسبسن ثلاث قطع ومطبخ تشطيب اكسترا سوبر لوكس دور مميز 2اسانسير مدخل شيك امن 24 ساعة TZ 184', 'aaaaaaaaa', 1, 1, NULL, 1, NULL, 135, 2, 2, NULL, NULL, NULL, NULL, NULL, NULL, NULL, NULL, '2021-06-13 18:44:23', '2021-06-13 18:44:23', 1, 1, 1, NULL, NULL, NULL, 1, 1, 1, 5, 1, 1000000, 1, 1, 1, 0, NULL, NULL),
(145498, 'للبيع فيلا دوبلكس دجلة 350م سوبر لوكس ارضي مدخل خاص', 'للبيع فيلا دوبلكس دجلة 350م سوبر لوكس ارضي مدخل خاص', 'للبيع في ارقى موقع في المعادي دجلة خطوات من المدرسة الامريكية فيلا دوبلكس ارضي واول 270م وجنينة 60م مدخل خاص اربع غرف نوم و3حمام ورسبسن اربع قطع ومطبخ تشطيب اكسترا سوبر لوكس مدخل شيك من 24 ساعة مسجلة شهر عقاري TDG 392', 'aaaaaaaaa', 1, 1, NULL, 1, NULL, 350, 4, 3, NULL, NULL, NULL, NULL, NULL, NULL, NULL, NULL, '2021-06-13 18:47:51', '2021-06-13 18:47:51', 1, 8, 1, NULL, NULL, NULL, 1, 1, 1, 5, 1, 4500000, 1, 1, 1, 0, NULL, NULL),
(145499, 'للبيع شقة في المعادي دجلة 225 موقع راقي ومميز سوبر لوكس', 'للبيع شقة في المعادي دجلة 225 موقع راقي ومميز سوبر لوكس', 'للبيع شقة في ارقى موقع المعادي دجلة 225م 3غرف نوم 2حمام ماستر ورسبسن ثلاث قطع ومطبخ بلكونة كبيرة دور مميز 2اسانسير مدخل شيك امن 24 ساعة واجهه مميزة tdk 215', 'aaaaaaaaa', 1, 1, NULL, 1, NULL, 220, 3, 3, NULL, NULL, NULL, NULL, NULL, NULL, NULL, NULL, '2021-06-13 18:50:51', '2021-06-13 18:50:51', 1, 1, 1, NULL, NULL, NULL, 1, 1, 1, 5, 1, 1800000, 1, 1, 1, 0, NULL, NULL),
(145500, 'للبيع فيلا خاصة 1500م ارضي و3ادوار سوبر لوكس حمام سباحة', 'للبيع فيلا خاصة 1500م ارضي و3ادوار سوبر لوكس حمام سباحة', 'للبيع فيلا خاصة التجمع الخامس 1500م مساحة الارض البناء ارضي و2ثلاث ادوار كل دور شقة 450م سوبر لوكس 15غرفة نوم و3حمام ورسبسن 5قطع تشطيب قصور سوبر لوكس واجهه مميزة حمام سباحة جنينة خاصة اسانسير', 'aaaaaaaaa', 1, 0, NULL, 1, NULL, 1500, 15, 10, NULL, NULL, NULL, NULL, NULL, NULL, NULL, NULL, '2021-06-13 18:57:30', '2021-06-13 18:57:30', 1, 2, 1, NULL, NULL, NULL, 1, 1, 1, 1, 1, 28000000, 1, 1, 1, 0, NULL, NULL),
(145501, 'عقار للبيع التجمع الخاامس 1570م تشطيب قصور واجهة مميزة', 'عقار للبيع التجمع الخاامس 1570م تشطيب قصور واجهة مميزة', 'للبيع على وجه السرعة عقار كامل 1570م ارضي وثلاث ادوار تشطيب سوبر لوكس 25غرفة نوم و10حمام ورسبسن 150م جنينة خاصة 500م وحمام سباحة واجهه مميزة', 'aaaaaaaaa', 1, 1, NULL, 1, NULL, 1570, 15, 10, NULL, NULL, NULL, NULL, NULL, NULL, NULL, NULL, '2021-06-13 19:03:24', '2021-06-13 19:03:24', 1, 2, 1, NULL, NULL, NULL, 1, 1, 1, 2, 1, 25500000, 1, 1, 15, 0, NULL, NULL),
(145502, 'للبيع 210م شارع فبلسطين خطوات من شركة جابكو مسجلة عقاري', 'للبيع 210م شارع فبلسطين خطوات من شركة جابكو مسجلة عقاري', 'للبيع شقة في ارقى موقع في المعادي شارع فلسطين موقع راقي قرب ميدان فلسطين وجابكو 215م 3غرف نوم و2حمام ورسبسن 3قطع ومطبخ تشطيب سوبر لوكس واجهه دور سادس اسنسير مدخل شيك مسجلة شهر عقاري TNG 642', 'aaaaaaaaa', 1, 1, NULL, 1, NULL, 210, 3, 3, NULL, NULL, NULL, NULL, NULL, NULL, NULL, NULL, '2021-06-13 19:18:34', '2021-06-13 19:18:34', 1, 1, 1, NULL, NULL, NULL, 1, 1, 1, 5, 1, 1900000, 1, 1, 1, 0, NULL, NULL),
(145503, 'للبيع شقة في زهراء المعادي 170م سوبر لوكس مصر للتعمير', 'للبيع شقة في زهراء المعادي 170م سوبر لوكس مصر للتعمير', 'للبيع شقة تحفة اول زهراء المعادي عمارات مصر للتعمير 170م 2غرفة و2حمام ورسبسن 3 قطع ولفنج ومطبخ تشطيب اكسترا سوبر لوكس واجهه بحرية 2اسانسير حصة بالجراج مدخل شيك امن TZ 1771', 'aaaaaaaaa', 1, 1, NULL, 1, NULL, 170, 3, 3, NULL, NULL, NULL, NULL, NULL, NULL, NULL, NULL, '2021-06-13 19:21:32', '2021-06-13 19:21:32', 1, 1, 1, NULL, NULL, NULL, 1, 1, 1, 5, 1, 1450000, 2, 1, 1, 0, NULL, NULL),
(145504, 'للايجار شقة في دجلة المعادي موقع مميز وراقي 120م سوبر', 'للايجار شقة في دجلة المعادي موقع مميز وراقي 120م سوبر', 'للايجار شقة في دجلة المعادي موقع مميز وراقي 120م 2غرفة نوم وحمام ورسبسن ثلاث قطع ومطبخ تشطيب لوكس واجهه دور ثالث مدخل شيك حصة امن 24 ساعة TDG', 'aaaaaaaaa', 1, NULL, NULL, NULL, NULL, 120, 3, 2, NULL, NULL, NULL, NULL, NULL, NULL, 5000, NULL, '2021-06-13 19:31:16', '2021-06-13 19:31:16', 3, 1, 1, NULL, NULL, NULL, 1, 1, 1, 5, 1, NULL, 2, 1, 15, 0, NULL, NULL),
(145505, 'للبيع على وجه السرعة شقة في اول زهراء المعادي موقع مميز', 'للبيع على وجه السرعة شقة في اول زهراء المعادي موقع مميز', 'للبيع على وجه السرعة شقة في اول زهراء المعادي موقع مميز قرب بنك CIBمساحة 215م 3غرف نوم + 2حمام ماستر+ رسبسن 3قطع + مطبخ+بلكونة تشطيب سوبر لوكس بورسلين دور سادس 2اسانسير مدخل شيك امن 24 ساعة حصة بالجراج TZ 1883', 'aaaaaaaaa', 1, 1, NULL, 1, NULL, 170, 3, 3, NULL, NULL, NULL, NULL, NULL, NULL, NULL, NULL, '2021-06-13 19:33:46', '2021-06-13 19:33:46', 1, 1, 1, NULL, NULL, NULL, 1, 1, 1, 5, 1, 16700000, 3, 1, 1, 0, NULL, NULL),
(145506, 'للبيع شقه ١٩٥م كمباوند جراند سيتي المرشدي', 'للبيع شقه ١٩٥م كمباوند جراند سيتي المرشدي', 'للبيع غلى وجه السرعه شقه في الفطاميه كمباوند جراند سيتي المرشدي ١٩٥ م ٣غر ٣حمام رسبشن ٣قطع تشطيب راقي ٢اساتسيى واجهه فيو النادي', 'aaaaaaaaa', 1, 1, NULL, 1, NULL, 195, 3, 3, 2, NULL, NULL, NULL, NULL, NULL, NULL, NULL, '2021-06-13 20:38:28', '2021-06-13 20:38:28', 1, 1, 1, NULL, NULL, NULL, 1, 1, 1, 3, 1, 1950000, 1, 1, 55, 0, NULL, NULL),
(145507, 'للبيع شقة 220م دجلة المعادي', 'للبيع شقة 220م دجلة المعادي', 'للبيع شقة في المعادي دجلة 230م 3غرفة نوم و3حمام ورسبسن ثلاث قطع ومطبخ يلكونة كبيرة تشطيب اكسترا سوبر لوكس واجهة على الشارع دور مميز مدخل شيك TDK 243', 'aaaaaaaaa', 1, 1, NULL, 1, NULL, 220, 3, 3, 1, NULL, NULL, NULL, NULL, NULL, NULL, NULL, '2021-06-14 08:39:02', '2021-06-14 08:39:02', 1, 1, 1, NULL, NULL, NULL, 1, 1, 1, 3, 1, 1850000, 1, 1, 1, 0, NULL, NULL),
(145508, 'للبيع شقة 130م في المعادي الزهراء', 'للبيع شقة 130م في المعادي الزهراء', 'للبيع شقة في المعادي زهراء 130م 2غرفة نوم و2حمام ورسبسن ثلاث قطع ومطبخ يلكونة كبيرة تشطيب اكسترا سوبر لوكس واجهة على الشارع دور ممي', 'aaaaaaaaa', 1, 1, NULL, 1, NULL, 130, 2, 2, 1, NULL, NULL, NULL, NULL, NULL, NULL, NULL, '2021-06-14 08:49:19', '2021-06-14 08:49:19', 1, 1, 1, NULL, NULL, NULL, 1, 1, 1, 3, 1, 1300000, 1, 1, 1, 0, NULL, NULL),
(145509, 'للبيع شقة 127م زهراء المعادي موقع مميز', 'للبيع شقة 127م زهراء المعادي موقع مميز', 'للبيع شقة في اجمل موقع اول زهراء المعادي عمارات طيبة الكويتية 127م 2غرفة نوم و2حمام ورسبسن قطعتين ومطبخ بلكونة كبيرة تشطيب سوبر لوكس واجهه بلكونات دور رابع 2اسانسير امن 24 ساعة', 'aaaaaaaaa', 1, 1, NULL, 1, NULL, 127, 2, 2, 1, NULL, NULL, NULL, NULL, NULL, NULL, NULL, '2021-06-14 08:55:01', '2021-06-14 08:55:01', 1, 1, 1, NULL, NULL, NULL, 1, 1, 1, 5, 1, 970000, 2, 1, 1, 0, NULL, NULL),
(145510, 'للبيع شقة في زهراء المعادي135م', 'للبيع شقة في زهراء المعادي135م', 'للبيع شقة في زهراء المعادي شارع نادي وادي دجلة 135م 2غرفة نوم و2حمام ورسبسن قطعتين ومطبخ تشطيب سوبر لوكس دور مميز 2اسانسير مدخل شيك امن TZ 184', 'aaaaaaaaa', 1, 1, NULL, 1, NULL, 135, 2, 2, 1, NULL, NULL, NULL, NULL, NULL, NULL, NULL, '2021-06-14 09:11:48', '2021-06-14 09:11:48', 1, 1, 1, NULL, NULL, NULL, 1, 1, 1, 5, 1, 975000, 1, 1, 1, 0, NULL, NULL),
(145511, 'للايجار قانون جديد 235 سرايات المعادي', 'للايجار قانون جديد 235 سرايات المعادي', 'للايجار قانون جديد شقة في ارقى موقع سرايات المعادي موقع راقي جدا 235م 3غرف نوم و2حمام ماستر ورسبسن 4قطع ومطبخ تشطيب امكسترا سوبر لوكس واجهه دور ثالث اسانسير جراج تكييفات ومطبخ', 'aaaaaaaaa', 1, NULL, NULL, NULL, NULL, 235, 3, 3, 5, NULL, NULL, NULL, NULL, NULL, 17500, NULL, '2021-06-14 10:41:16', '2021-06-14 10:41:16', 3, 1, 1, NULL, NULL, NULL, 19, 1, 1, 1, 1, 10000000000, 1, 1, 1, 0, NULL, NULL),
(145514, 'للبيع 170م كمباوند دجلة فيو موقع راقي', 'للبيع 170م كمباوند دجلة فيو موقع راقي', 'للبيع شقىة تحفة المعادي كمباوند جراند دجلة فيو 170 3غرف نوم و3حمام ورسبشن ثلاث قطع ومطبخ بلكونة كبيرة واجهة داخل الكمباوند دور رابع 3اسانسير مدخل شيك امن 24 ساعة 1829 حصة بالجراج', 'aaaaaaaaa', 0, 1, NULL, 1, NULL, 170, 3, 3, NULL, NULL, NULL, NULL, NULL, NULL, NULL, NULL, '2021-06-17 07:27:55', '2021-06-17 07:27:55', 1, 1, 1, NULL, NULL, NULL, 1, 1, 1, 3, 1, 17000000, 6, 1, 1, 11, 4, NULL),
(145515, 'للبيع على وجه السرعة 150 اول زهراء المعادي موقع مميز', 'للبيع على وجه السرعة 150 اول زهراء المعادي موقع مميز', 'للبيع شقة حفة تشطيب راقي اول زهراء المعادي موقع مميز جدا 150م 3غرف نوم و2حمام ورسبسن ثلاث قطع ومطبخ تشطيب راقي جدا 2اسانسير مدخل شيك امن 24 ساعة', 'aaaaaaaaa', 0, 0, NULL, 1, NULL, 150, 3, 3, 6, NULL, NULL, NULL, NULL, NULL, NULL, NULL, '2021-06-17 08:03:46', '2021-06-17 08:03:46', 1, 1, 1, NULL, NULL, NULL, 1, 1, 1, 2, 1, 1350000, 1, 1, 1, 12, 5, NULL),
(145516, 'للبيع شقة 211م سوبر لوكس كمباوند سما القاهرة', 'للبيع شقة 211م سوبر لوكس كمباوند سما القاهرة', 'للبيع شقة 211م كمباوند سما القاهرة 3غرف نوم و3حمام ورسبسن 3قطع ومطبخ تشطيب سوبر لوكس واجهه دور رابع 2اسانسير مسجلة', 'aaaaaaaaa', 0, 1, NULL, 1, NULL, 211, 3, 3, NULL, NULL, NULL, NULL, NULL, NULL, NULL, NULL, '2021-06-18 17:45:04', '2021-06-18 17:45:04', 1, 1, 1, NULL, NULL, NULL, 1, 1, 1, 2, 1, 1450000, 1, 1, 19, 17, 8, NULL),
(145520, 'عقار للبيع تقسيط', 'عقار للبيع تقسيط', 'ناك حقيقة مثبتة منذ زمن طويل وهي أن المحتوى المقروء لصفحة ما سيلهي القارئ عن التركيز على الشكل الخارجي للنص أو شكل توضع الفقرات في الصفحة التي يقرأها. ولذلك يتم استخدام طريقة لوريم إيبسوم لأنها تعطي توزيعاَ طبيعياَ -إلى حد ما- للأحرف عوضاً عن استخدام', 'aaaaaaaaa', 0, NULL, NULL, NULL, NULL, 220, 1, 1, NULL, NULL, NULL, NULL, NULL, NULL, 5000, NULL, '2021-06-19 13:32:21', '2021-06-19 13:32:21', 3, 1, 1, NULL, NULL, NULL, 1, 1, 1, 2, 1, NULL, 1, 1, 1, 24, 15, NULL),
(145521, 'للبيع شقة 240م سرايات المعادي', 'للبيع شقة 240م سرايات المعادي', 'للايجار شقة تحفة في ارقى موقع سرايات المعادي موقع راقي جدا 235م 3غرف نوم و3حمام ورسبسن 4قطع ومطبخ بلكونة كبيرة تشطيب اكسترا سوبر لوكس واجهه دور ثالث اسانسير جراج مدخل شيك امن الشقة فيها تكييفات ومطبخ واجهزة مطبخ ثلاجه وبوتاجاز', 'aaaaaaaaa', 0, 1, NULL, 1, NULL, 240, 3, 3, NULL, NULL, NULL, NULL, NULL, NULL, NULL, NULL, '2021-06-19 14:39:35', '2021-06-19 14:39:35', 1, 1, 1, NULL, NULL, NULL, 1, 1, 1, 1, 1, 3500000, 1, 1, 1, 24, 15, NULL),
(145522, 'عقار للبيع ايجار', 'عقار للبيع ايجار', 'ناك حقيقة مثبتة منذ زمن طويل وهي أن المحتوى المقروء لصفحة ما سيلهي القارئ عن التركيز على الشكل الخارجي للنص أو شكل توضع الفقرات في الصفحة التي يقرأها. ولذلك يتم استخدام طريقة لوريم إيبسوم لأنها تعطي توزيعاَ طبيعياَ -إلى حد ما- للأحرف عوضاً عن استخدام', 'aaaaaaaaa', 0, NULL, NULL, NULL, NULL, 120, 1, 3, NULL, NULL, NULL, NULL, NULL, NULL, 1500, NULL, '2021-06-19 15:14:09', '2021-06-19 15:14:09', 3, 2, 1, NULL, NULL, NULL, 1, 1, 1, 1, 1, NULL, 5, 1, 1, 24, 15, NULL),
(145523, 'للإيجار قاتون جديد ١٥٠م تقسيم اللاسلكي', 'للإيجار قاتون جديد ١٥٠م تقسيم اللاسلكي', 'للإيجار قاتون جديد شقه في تقسيم اللاسلكي خلف البنزينه ١٦٠م ٣غرف نوم و٢حمام ورسبشن ثلاث قطع ومطبخ تشطيب سوبر لوكس', 'aaaaaaaaa', 0, NULL, NULL, NULL, NULL, 150, 2, 2, NULL, NULL, NULL, NULL, NULL, NULL, 5000, NULL, '2021-06-19 20:35:24', '2021-06-19 20:35:24', 3, 3, 1, NULL, NULL, NULL, 1, 1, 1, 2, 1, NULL, 2, 1, 1, 24, 15, NULL),
(145524, 'للبيع شقه ١٤٥م زهراء المعادي الشطر السابع', 'للبيع شقه ١٤٥م زهراء المعادي الشطر السابع', 'للبيع شقه ١٤٥م زهراء المعادي الشطر السابع مسجله عقاري ٢غرفه نوم و٢حمام ورسبشن ثلاث قطع ومطبخ اول سكن دور رابع اسانسير واجهه بحريه جراج', 'aaaaaaaaa', 0, 1, NULL, 1, NULL, 145, 2, 2, NULL, NULL, NULL, NULL, NULL, NULL, NULL, NULL, '2021-06-19 20:40:59', '2021-06-19 20:40:59', 1, 1, 1, NULL, NULL, NULL, 1, 1, 1, 1, 1, 1100000, 1, 1, 1, 24, 15, NULL),
(145525, 'للبيع شقه ٢٥٠ م شارع ٢٦٣ مقابل القمر الصناعي موقع', 'للبيع شقه ٢٥٠ م شارع ٢٦٣ مقابل القمر الصناعي موقع', 'للبيع شقه في أرقى نوقع اللاسلكي مقابل القمر الصناعي شارع ٢٦٣ مساحه ٢٥٠م ٣غرف نون و٣حمام ولفنج ورسبشن ٤قطع ومطبخ تشطيب إكسترا سوبر لوكس باركيه دور مميز اسانسير', 'aaaaaaaaa', 0, 1, NULL, 1, NULL, 250, 3, 3, NULL, NULL, NULL, NULL, NULL, NULL, NULL, NULL, '2021-06-19 20:47:15', '2021-06-19 20:47:15', 1, 1, 1, NULL, NULL, NULL, 1, 1, 1, 1, 1, 1950000, 2, 1, 1, 24, 15, NULL),
(145526, 'للبيع فيلا دوبلكس ارضي بجنيه ٦٥٠ حمام سباحه', 'للبيع فيلا دوبلكس ارضي بجنيه ٦٥٠ حمام سباحه', 'للبيع فيلا في أرقى موقع سرايا المعادي موقع مميز ٦٥٠م المباني ٧غرف و٥حمام ورسبشن ٦قطع ومطبخ تشطيب قصور دور ارضي بجنيه حمام سباحه', 'aaaaaaaaa', 0, 1, NULL, 1, NULL, 650, 7, 5, NULL, NULL, NULL, NULL, NULL, NULL, NULL, NULL, '2021-06-19 20:53:03', '2021-06-19 20:53:03', 1, 8, 1, NULL, NULL, NULL, 1, 1, 1, 2, 1, 12000000, 1, 1, 1, 24, 15, NULL),
(145531, 'للبيع شقه ٢٥٥م شارع مميز المعادي مقابل الصناعي', 'للبيع شقه ٢٥٥م شارع مميز المعادي مقابل الصناعي', 'للبيع شقه في مقابل القمر الصناعي المعادي ٢٥٥م ٣غرف و٣ حمام ورسبسن ٤قكع ومطبخ تشطيب باركيه دور ثامن اسانسير مدخل فندقي أمن', 'aaaaaaaaa', 0, 1, NULL, 1, NULL, 255, 3, 3, NULL, NULL, NULL, NULL, NULL, NULL, NULL, NULL, '2021-06-19 21:27:45', '2021-06-19 21:27:45', 1, 1, 1, NULL, NULL, NULL, 1, 1, 1, 3, 1, 2150000, 1, 1, 1, 24, 15, NULL),
(145532, 'للبيع شقه ٢٥٥م شارع مميز المعادي مقابل الصناعي', 'للبيع شقه ٢٥٥م شارع مميز المعادي مقابل الصناعي', 'للبيع شقه في مقابل القمر الصناعي المعادي ٢٥٥م ٣غرف و٣ حمام ورسبسن ٤قكع ومطبخ تشطيب باركيه دور ثامن اسانسير مدخل فندقي أمن', 'aaaaaaaaa', 0, 1, NULL, 1, NULL, 255, 3, 3, NULL, NULL, NULL, NULL, NULL, NULL, NULL, NULL, '2021-06-19 21:27:47', '2021-06-19 21:27:47', 1, 1, 1, NULL, NULL, NULL, 1, 1, 1, 3, 1, 2150000, 1, 1, 1, 24, 15, NULL),
(145534, 'للبيع فيلا دوبلكس سرايات المعادي ٤٠٠م', 'للبيع فيلا دوبلكس سرايات المعادي ٤٠٠م', 'للبيع فيلا دوبلكس سرايا المعادي ٤٥٠م ٦غرف وه حمام ورسبشن ٦قطع ولفنج وحمام وسياحه جنينه خاصه', 'aaaaaaaaa', 0, 1, NULL, 1, NULL, 450, 6, 5, NULL, NULL, NULL, NULL, NULL, NULL, NULL, NULL, '2021-06-19 21:51:14', '2021-06-19 21:51:14', 1, 8, 1, NULL, NULL, NULL, 1, 1, 1, 3, 1, 12500000, 1, 1, 1, 24, 15, NULL),
(145535, 'للبيع شقة 159م زهراء المعادي الشطر العاشر 159م اكسترا', 'للبيع شقة 159م زهراء المعادي الشطر العاشر 159م اكسترا', 'للبيع شقة في زهراء المعادي الشطر العاشر كمباوند الاميرال 159م 3غرف نوم +2حمام+رسبشن 3قطع مطبخ تشطيب اكسترا سوبر لوكس اول سكن دور ثالث اسانسير مدخل شيك امن 24 ساعة جنينة خاصة بالعمارة', 'aaaaaaaaa', 0, 1, NULL, 1, NULL, 159, 3, 3, NULL, NULL, NULL, NULL, NULL, NULL, NULL, NULL, '2021-06-20 04:08:41', '2021-06-20 04:08:41', 1, 1, 1, NULL, NULL, NULL, 1, 1, 1, 1, 1, 1750000, 1, 1, 1, 24, 15, NULL),
(145536, 'للبيع شقة 150م كمباوند جراند سيتي سوبر لوكس', 'للبيع شقة 150م كمباوند جراند سيتي سوبر لوكس', 'للبيع شقة في ارقى موقع كمباوند جراند سيتي المرشدي 150م  3غرف نوم و2حمام ورسبسن ثلاث قطع ومطبخ تشطيب سوبر لوكس واجهه دور مميز 2اسانسير مدخل شيك امن كاميرات مراقبة', 'aaaaaaaaa', 0, 1, NULL, 1, NULL, 150, 3, 2, NULL, NULL, NULL, NULL, NULL, NULL, NULL, NULL, '2021-06-20 04:18:06', '2021-06-20 04:18:06', 1, 1, 1, NULL, NULL, NULL, 1, 1, 1, 1, 1, 1200000, 1, 1, 1, 24, 15, NULL),
(145537, 'للبيع شقة 220م دجلة المعادي قرب المدرسة الامريكية', 'للبيع شقة 220م دجلة المعادي قرب المدرسة الامريكية', 'للبيع شقة في ارقى موقع دجلة المعادي خطوات من المدرسة الامريكية 220م 3غرف نوم و3حمام ورسبشن 3قطع ومطبخ تشطيب راقي دور رابع مدحل شيك امن', 'aaaaaaaaa', 0, 1, NULL, 1, NULL, 220, 4, 3, NULL, NULL, NULL, NULL, NULL, NULL, NULL, NULL, '2021-06-20 04:23:11', '2021-06-20 04:23:11', 1, 1, 1, NULL, NULL, NULL, 1, 1, 1, 1, 1, 3500000, 1, 1, 1, 24, 15, NULL),
(145538, 'للبيع شقة في كمباوند جراند سيتي المرشدي 180م', 'للبيع شقة في كمباوند جراند سيتي المرشدي 180م', 'للبيع شقة في كمباوند جراند سيتي المرشدي 180م 3غرف نوم و2حمام ورسبسن 4قطع ومطبخ سوبر لوكس واجهه دور ثاي', 'aaaaaaaaa', 0, 1, NULL, 1, NULL, 180, 3, 3, NULL, NULL, NULL, 900000, 24, 15200, NULL, NULL, '2021-06-20 04:29:31', '2021-06-20 04:29:31', 2, 1, 1, 8000, 1, NULL, 1, 1, 1, 1, 1, 1300000, 1, 1, 1, 24, 15, NULL),
(145539, 'للبيع 250م اللاسلكي مقابل القمر الصناعي تقسيم الخطيب', 'للبيع 250م اللاسلكي مقابل القمر الصناعي تقسيم الخطيب', 'للبيع شقة تحفة في ارقى موقع اللاسلكي تقسيم الخطيب مقابل القمر الصناعي 250م 3غرف نوم و3حمام ماستر ورسبسن 4قطع ولفنج ومطبخ تشطيب اكسترا سوبر لوكس واجهه دور رابع 2اسانسير حصة بالجراج واجهه مميزة مدخل شيك بلكونات TM 205', 'aaaaaaaaa', 0, 1, NULL, 1, NULL, 250, 3, 3, NULL, NULL, NULL, NULL, NULL, NULL, NULL, NULL, '2021-06-20 05:11:01', '2021-06-20 05:11:01', 1, 1, 1, NULL, NULL, NULL, 1, 1, 1, 2, 1, 2600000, 1, 1, 1, 24, 15, NULL),
(145540, 'للبيع شقة في ارقى موقع في اللاسلكي مقابل القرية الذكية', 'للبيع شقة في ارقى موقع في اللاسلكي مقابل القرية الذكية', 'للبيع شقة في ارقى موقع في اللاسلكي مقابل القرية الذكية فيو تحفة 205م 3غرف نوم و2حمام ماستر ورسبسن ثلاث قطع ومطبه تشطيب اكترااا سوبر لوكس واجهه دور خامس اسانسير مدخل شيك امن 24 ساعة TT 54', 'aaaaaaaaa', 0, 1, NULL, 1, NULL, 205, 3, 3, NULL, NULL, NULL, NULL, NULL, NULL, NULL, NULL, '2021-06-20 05:26:46', '2021-06-20 05:26:46', 1, 1, 1, NULL, NULL, NULL, 1, 1, 1, 1, 1, 1950000, 1, 1, 2, 24, 15, NULL),
(145541, 'للبيع شقة 135م المعادي اول شارع فلسطين', 'للبيع شقة 135م المعادي اول شارع فلسطين', 'للبيع شقة في المعادي اول شارع فلسطين من شارع الجزائر 135م 3غرف نوم و32حمام ورسبسن قطعتين ومطبخ تشطيب لوكس دور اول فوق الارضي جراج واجهه TNG 696', 'aaaaaaaaa', 0, 1, NULL, 1, NULL, 135, 3, 2, NULL, NULL, NULL, NULL, NULL, NULL, NULL, NULL, '2021-06-20 05:39:56', '2021-06-20 05:39:56', 1, 1, 1, NULL, NULL, NULL, 1, 1, 1, 1, 1, 950000, 1, 1, 1, 2, 15, NULL),
(145543, 'للبيع شقة 210م كمباوند جراند سيتي يالمرشدي', 'للبيع شقة 210م كمباوند جراند سيتي يالمرشدي', 'للبيع شقة 175م كمباوند جراند سيت يالمرشدي 3غرف و2حمام ورسبسن دور خامس فيو الندي 2اسانير\r\nهناك حقيقة مثبتة منذ زمن طويل وهي أن المحتوى المقروء لصفحة ما سيلهي القارئ عن التركيز على الشكل الخارجي للنص أو شكل توضع الفقرات في الصفحة التي يقرأها. ولذلك يتم استخدام طريقة لوريم إيبسوم لأنها تعطي توزيعاَ طبيعياَ -إلى حد ما- للأحرف عوضاً عن استخدام \"هنا يوجد محتوى نصي، هنا يوجد محتوى نصي\" فتجعلها تبدو (أي الأحرف) وكأنها نص مقروء. العديد من برامح النشر المكتبي وبرامح تحرير صفحات الويب تستخدم لوريم إيبسوم بشكل إفتراضي كنموذج عن النص، وإذا قمت بإدخال \"lorem ipsum\" في أي محرك بحث ستظهر العديد من المواقع الحديثة العهد في نتائج البحث. على مدى السنين ظهرت نسخ جديدة ومختلفة من نص لوريم إيبسوم، أحياناً عن طريق الصدفة، وأحياناً عن عمد كإدخال بعض العبارات الفكاهية إليه', 'aaaaaaaaa', 0, 1, NULL, 1, NULL, 175, 3, 3, NULL, NULL, NULL, NULL, NULL, NULL, NULL, NULL, '2021-06-20 06:35:20', '2021-06-20 06:35:20', 1, 1, 1, NULL, NULL, NULL, 1, 1, 1, 1, 1, 1650000, 1, 1, 1, 24, 15, NULL),
(145557, 'للبيع شقة 195م جراند سيتي المرشدي', 'للبيع شقة 195م جراند سيتي المرشدي', 'للبيع شقة في كمباوند جراند سيتي المرشدي فيو النادي 195م 3غرف نوم 3حمام رسبسن 3قطع ومطبخ تشطيب سوبر لوكس واجهه ور رابع مدخل شيك امن', 'aaaaaaaaa', 0, 1, 1, 1, NULL, 195, 3, 3, NULL, NULL, NULL, NULL, NULL, NULL, NULL, NULL, '2021-06-25 19:03:30', '2021-06-25 19:03:30', 1, 1, 1, NULL, NULL, NULL, 25, 1, 1, 2, 1, 1450000, 2, 1, 1, 24, 15, NULL);

-- --------------------------------------------------------

--
-- Table structure for table `aqars_imgs`
--

CREATE TABLE `aqars_imgs` (
  `img_id` int(11) NOT NULL,
  `img_url` varchar(255) NOT NULL,
  `main_img` tinyint(4) NOT NULL,
  `aqar_id` int(11) NOT NULL
) ENGINE=MyISAM DEFAULT CHARSET=latin1;

--
-- Dumping data for table `aqars_imgs`
--

INSERT INTO `aqars_imgs` (`img_id`, `img_url`, `main_img`, `aqar_id`) VALUES
(1, '-741-close2.png', 0, 28),
(2, '-62-ContactUs.png', 0, 28),
(3, '-802-logo.jpg', 0, 34),
(4, '-515-logo.jpg', 0, 35),
(5, '-850-logo.jpg', 0, 36),
(6, '-243-logo.jpg', 0, 37),
(7, '-343-logo.jpg', 0, 38),
(8, '-551-logo.jpg', 0, 39),
(9, '-881-logo.jpg', 0, 41),
(10, '-144-logo.jpg', 0, 42),
(11, '-557-logo.jpg', 0, 43),
(12, '-776-logo.jpg', 0, 49),
(13, '-97-mg2.jfif', 0, 56),
(14, '-28-logo.jpg', 0, 56),
(15, '-376-mg1.jpg', 0, 56),
(16, '-146-close2.png', 0, 58),
(17, '-472-favicon.png', 0, 58),
(18, '-174-logo.jpg', 0, 59),
(19, '-538-logo.jpg', 0, 62),
(20, '-752-mg1.jpg', 0, 62),
(21, '-349-mg2.jfif', 0, 62),
(22, '-171-alyIsHere.png', 0, 80),
(23, '-464-appstore.png', 0, 80),
(24, '-92-alyIsHere.png', 0, 83),
(25, '-352-appstore.png', 1, 83),
(26, '-770-test-14.jpeg', 0, 145344),
(27, '-694-test-15.jpeg', 0, 145344),
(28, '-328-test-16.jpeg', 0, 145344),
(29, '-814-test-17.jpeg', 0, 145344),
(30, '-652-test-18.jpeg', 0, 145344),
(31, '-620-test-3.jpeg', 1, 145344),
(32, '-649-test-1.jpeg', 1, 145345),
(33, '-764-test.png', 1, 145346),
(34, '-728-test-12.jpeg', 0, 145348),
(35, '-413-test-13.jpeg', 0, 145348),
(36, '-271-test-2.jpeg', 0, 145349),
(37, '-800-test-3.jpeg', 0, 145349),
(38, '-544-test-4.jpeg', 0, 145349),
(39, '-440-test-5.jpeg', 0, 145349),
(40, '-793-test-6.jpeg', 0, 145349),
(41, '-112-test-7.jpeg', 0, 145349),
(42, '-508-test-8.jpeg', 0, 145349),
(43, '-842-test-15.jpeg', 0, 145350),
(44, '-81-test-16.jpeg', 0, 145350),
(45, '-883-test-17.jpeg', 0, 145350),
(46, '-318-test-18.jpeg', 0, 145350),
(47, '-678-test-13.jpeg', 0, 145355),
(48, '-730-test-14.jpeg', 0, 145355),
(49, '-752-test-15.jpeg', 0, 145355),
(50, '-78-test-16.jpeg', 0, 145355),
(51, '-284-test-17.jpeg', 0, 145355),
(52, '-170-test-18.jpeg', 0, 145355),
(53, '-437-test-13.jpeg', 0, 145356),
(54, '-204-test-14.jpeg', 0, 145356),
(55, '-126-test-15.jpeg', 0, 145356),
(56, '-393-test-16.jpeg', 0, 145356),
(57, '-479-test-1.jpeg', 0, 145357),
(58, '-686-test-2.jpeg', 0, 145357),
(59, '-877-test-3.jpeg', 0, 145357),
(60, '-867-test-4.jpeg', 0, 145357),
(61, '-319-test-16.jpeg', 1, 145357),
(62, '-729-test-3.jpeg', 0, 145359),
(63, '-543-test-4.jpeg', 0, 145359),
(64, '-545-WhatsApp Image 2021-04-15 at 1.jpeg', 0, 145361),
(65, '-51-WhatsApp Image 2021-04-15 at 1.jpeg', 0, 145361),
(66, '-818-WhatsApp Image 2021-04-15 at 1.jpeg', 0, 145361),
(67, '-177-WhatsApp Image 2021-04-15 at 1.jpeg', 0, 145361),
(68, '-362-WhatsApp Image 2021-04-15 at 1.jpeg', 0, 145361),
(69, '-808-WhatsApp Image 2021-04-15 at 1.jpeg', 0, 145361),
(70, '-816-WhatsApp Image 2021-04-15 at 1.jpeg', 0, 145361),
(71, '-138-WhatsApp Image 2021-04-15 at 1.jpeg', 1, 145361),
(72, '-91-WhatsApp Image 2021-04-15 at 1.jpeg', 0, 145362),
(73, '-170-WhatsApp Image 2021-04-15 at 1.jpeg', 0, 145362),
(74, '-491-WhatsApp Image 2021-04-15 at 1.jpeg', 0, 145362),
(75, '-145-WhatsApp Image 2021-04-15 at 1.jpeg', 0, 145362),
(76, '-707-WhatsApp Image 2021-04-15 at 1.jpeg', 1, 145362),
(77, '-123-WhatsApp Image 2021-04-15 at 1.jpeg', 0, 145363),
(78, '-420-WhatsApp Image 2021-04-15 at 1.jpeg', 0, 145363),
(79, '-237-WhatsApp Image 2021-04-15 at 1.jpeg', 0, 145363),
(80, '-487-WhatsApp Image 2021-04-15 at 1.jpeg', 0, 145363),
(81, '-132-WhatsApp Image 2021-04-15 at 1.jpeg', 0, 145363),
(82, '-877-WhatsApp Image 2021-04-15 at 1.jpeg', 1, 145363),
(83, '-584-WhatsApp Image 2021-04-15 at 1.jpeg', 0, 145364),
(84, '-889-WhatsApp Image 2021-04-15 at 1.jpeg', 0, 145364),
(85, '-775-WhatsApp Image 2021-04-15 at 1.jpeg', 1, 145364),
(86, '-606-abunwaf.png', 0, 145365),
(87, '-255-alyIsHere.png', 1, 145365),
(88, '-758-48974321684357594751687486.png', 0, 145368),
(89, '-839-abunwaf.png', 0, 145368),
(90, '-893-48974321684357594751687486.png', 1, 145368),
(91, '-131-checkou.png', 0, 145369),
(92, '-127-close2.png', 0, 145369),
(93, '-161-48974321684357594751687486.png', 1, 145369),
(94, '-141-16.jpg', 0, 145371),
(95, '-493-17.jpg', 0, 145371),
(96, '-220-4.jpg', 0, 145371),
(97, '-899-5.jpg', 0, 145371),
(98, '-733-6.jpg', 0, 145371),
(99, '-174-7.jpg', 0, 145371),
(100, '-415-8.jpg', 0, 145371),
(101, '-538-10.jpg', 0, 145371),
(102, '-359-11.jpg', 0, 145371),
(103, '-530-12.jpg', 0, 145371),
(104, '-567-WhatsApp Image 2020-03-07 at 3.jpeg', 0, 145372),
(105, '-336-WhatsApp Image 2020-03-07 at 3.jpeg', 0, 145372),
(106, '-198-WhatsApp Image 2020-03-07 at 3.jpeg', 0, 145372),
(107, '-215-WhatsApp Image 2020-03-07 at 3.jpeg', 0, 145372),
(108, '-11-WhatsApp Image 2020-03-07 at 3.jpeg', 0, 145372),
(109, '-288-WhatsApp Image 2020-03-07 at 3.jpeg', 0, 145372),
(110, '-83-WhatsApp Image 2020-03-07 at 3.jpeg', 0, 145372),
(111, '-811-WhatsApp Image 2020-03-07 at 3.jpeg', 0, 145372),
(112, '-13-WhatsApp Image 2020-03-07 at 3.jpeg', 1, 145372),
(113, '-162-WhatsApp Image 2021-04-15 at 1.jpeg', 0, 145375),
(114, '-797-WhatsApp Image 2021-04-15 at 1.jpeg', 0, 145375),
(115, '-700-WhatsApp Image 2021-04-15 at 1.jpeg', 0, 145375),
(116, '-590-WhatsApp Image 2021-04-15 at 1.jpeg', 0, 145375),
(117, '-777-WhatsApp Image 2021-04-15 at 1.jpeg', 0, 145375),
(118, '-217-WhatsApp Image 2021-04-15 at 1.jpeg', 1, 145375),
(119, '-297-2020_2_8_20_5_7_812.jpg', 0, 145380),
(120, '-493-alexandria-apartments-1.jpg', 0, 145380),
(121, '-540-Apartment-for-sale-165-m-loran.jpg', 1, 145380),
(122, '-818-46843549867498168794674987.png', 0, 145382),
(123, '-725-48974321684357594751687486.png', 1, 145382),
(124, '-219-WhatsApp Image 2021-02-20 at 5.jpeg', 0, 145383),
(125, '-211-WhatsApp Image 2021-02-20 at 5.jpeg', 0, 145383),
(126, '-711-WhatsApp Image 2021-02-20 at 5.jpeg', 0, 145383),
(127, '-42-WhatsApp Image 2021-02-20 at 5.jpeg', 0, 145383),
(128, '-511-WhatsApp Image 2021-02-20 at 5.jpeg', 0, 145383),
(129, '-685-WhatsApp Image 2021-02-20 at 5.jpeg', 0, 145383),
(130, '-208-WhatsApp Image 2021-02-20 at 5.jpeg', 0, 145383),
(131, '-430-WhatsApp Image 2021-02-20 at 5.jpeg', 0, 145383),
(132, '-396-WhatsApp Image 2021-02-20 at 5.jpeg', 0, 145383),
(133, '-687-WhatsApp Image 2021-02-20 at 5.jpeg', 0, 145383),
(134, '-356-WhatsApp Image 2021-02-20 at 5.jpeg', 1, 145383),
(135, '-747-9.jpg', 0, 145384),
(136, '-538-10.jpg', 0, 145384),
(137, '-251-11.jpg', 0, 145384),
(138, '-176-12.jpg', 0, 145384),
(139, '-143-14.jpg', 0, 145384),
(140, '-529-16.jpg', 0, 145384),
(141, '-18-18.jpg', 0, 145384),
(142, '-75-19.jpg', 0, 145384),
(143, '-59-20.jpg', 0, 145384),
(144, '-521-5.jpg', 1, 145384),
(145, '-894-2.jpg', 0, 145385),
(146, '-400-3.jpg', 0, 145385),
(147, '-77-4.jpg', 0, 145385),
(148, '-83-5.jpg', 0, 145385),
(149, '-834-6.jpg', 0, 145385),
(150, '-123-7.jpg', 0, 145385),
(151, '-899-8.jpg', 0, 145385),
(152, '-342-9.jpg', 0, 145385),
(153, '-235-10.jpg', 0, 145385),
(154, '-224-11.jpg', 0, 145385),
(155, '-337-12.jpg', 0, 145385),
(156, '-699-13.jpg', 0, 145385),
(157, '-564-14.jpg', 0, 145385),
(158, '-566-15.jpg', 0, 145385),
(159, '-840-17.jpg', 0, 145385),
(160, '-311-18.jpg', 0, 145385),
(161, '-796-20.jpg', 0, 145385),
(162, '-197-13.jpg', 1, 145385),
(163, '-296-WhatsApp Image 2019-11-13 at 3.jpeg', 0, 145388),
(164, '-842-WhatsApp Image 2019-11-13 at 3.jpeg', 0, 145388),
(165, '-345-WhatsApp Image 2019-11-13 at 3.jpeg', 0, 145388),
(166, '-867-WhatsApp Image 2019-11-13 at 3.jpeg', 0, 145388),
(167, '-813-WhatsApp Image 2019-11-13 at 3.jpeg', 0, 145388),
(168, '-574-WhatsApp Image 2019-11-13 at 3.jpeg', 0, 145388),
(169, '-706-WhatsApp Image 2019-11-13 at 3.jpeg', 0, 145388),
(170, '-527-WhatsApp Image 2019-11-13 at 3.jpeg', 0, 145388),
(171, '-878-WhatsApp Image 2019-11-13 at 3.jpeg', 0, 145388),
(172, '-162-WhatsApp Image 2019-11-13 at 3.jpeg', 0, 145388),
(173, '-524-WhatsApp Image 2019-11-13 at 3.jpeg', 1, 145388),
(174, '-252-fulfiled.png', 0, 145389),
(175, '-701-appstore.png', 0, 145391),
(176, '-718-alyIsHere.png', 0, 145393),
(177, '-836-alyIsHere.png', 0, 145397),
(178, '-303-46843549867498168794674987.png', 0, 145400),
(179, '-13-close2.png', 1, 145403),
(180, '-235-WhatsApp Image 2019-11-26 at 2.jpeg', 0, 145404),
(181, '-34-alyIsHere.png', 0, 145413),
(182, '-354-alyiiiiii.png', 0, 145417),
(183, '-38-alyiiiiii.png', 0, 145419),
(184, '-465-8.jpg', 0, 145420),
(185, '-95-alyiiiiii.png', 0, 145422),
(186, '-761-appstore.png', 0, 145425),
(187, '-420-46843549867498168794674987.png', 0, 145455),
(188, '-531-48974321684357594751687486.png', 0, 145455),
(189, '-437-abunwaf.png', 0, 145455),
(190, '-774-alyiiiiii.png', 0, 145457),
(191, '-583-alyiiiiii.png', 0, 145458),
(192, '-409-appstore.png', 0, 145458),
(193, '-776-test-2.jpeg', 0, 145459),
(194, '-392-test-3.jpeg', 0, 145459),
(195, '-347-test-4.jpeg', 0, 145459),
(196, '-512-test-5.jpeg', 0, 145459),
(197, '-860-test-6.jpeg', 0, 145459),
(198, '-775-test-7.jpeg', 0, 145459),
(199, '-756-test-8.jpeg', 0, 145459),
(200, '-203-test-9.jpeg', 0, 145459),
(201, '-281-test-10.jpeg', 0, 145459),
(202, '-597-test-2.jpeg', 0, 145460),
(203, '-19-test-3.jpeg', 0, 145460),
(204, '-257-test-4.jpeg', 0, 145460),
(205, '-742-test-5.jpeg', 0, 145460),
(206, '-696-test-6.jpeg', 0, 145460),
(207, '-59-test-7.jpeg', 0, 145460),
(208, '-415-test-8.jpeg', 0, 145460),
(209, '-767-test-9.jpeg', 0, 145460),
(210, '-668-test-14.jpeg', 0, 145460),
(211, '-781-test-16.jpeg', 0, 145462),
(212, '-533-test-17.jpeg', 1, 145462),
(213, '-455-test-18.jpeg', 0, 145462),
(214, '-512-IMG-20210611-WA0027.jpg', 0, 145463),
(215, '-896-WhatsApp Image 2019-12-24 at 4.jpeg', 0, 145464),
(216, '-362-WhatsApp Image 2019-12-24 at 4.jpeg', 1, 145464),
(217, '-113-WhatsApp Image 2019-12-24 at 4.jpeg', 0, 145464),
(218, '-484-WhatsApp Image 2019-12-24 at 4.jpeg', 0, 145464),
(219, '-9-WhatsApp Image 2019-12-24 at 4.jpeg', 0, 145464),
(220, '-899-WhatsApp Image 2019-12-24 at 4.jpeg', 0, 145464),
(221, '-645-WhatsApp Image 2019-12-24 at 4.jpeg', 0, 145464),
(222, '-887-Screenshot (1).png', 0, 145465),
(223, '-134-test-15.jpeg', 0, 145476),
(224, '-506-test-16.jpeg', 1, 145476),
(225, '-450-_1_.jpg', 0, 145477),
(226, '-744-_3_.jpg', 1, 145477),
(227, '-204-74171293_128374885238441_3928286799566209024_n.jpg', 0, 145477),
(228, '-860-WhatsApp Image 2020-03-03 at 2.jpeg', 0, 145482),
(229, '-836-WhatsApp Image 2020-03-03 at 2.jpeg', 1, 145482),
(230, '-453-WhatsApp Image 2020-03-03 at 2.jpeg', 0, 145482),
(231, '-502-WhatsApp Image 2020-03-03 at 2.jpeg', 0, 145482),
(232, '-7-WhatsApp Image 2020-03-03 at 2.jpeg', 0, 145482),
(233, '-265-WhatsApp Image 2020-03-03 at 2.jpeg', 0, 145482),
(234, '-428-WhatsApp Image 2020-03-03 at 2.jpeg', 0, 145482),
(235, '-463-WhatsApp Image 2020-03-03 at 2.jpeg', 0, 145482),
(236, '-218-WhatsApp Image 2020-03-03 at 2.jpeg', 0, 145482),
(237, '-115-WhatsApp Image 2020-03-03 at 2.jpeg', 0, 145482),
(238, '-632-test-17.jpeg', 0, 145487),
(239, '-647-test-18.jpeg', 1, 145487),
(240, '-381-WhatsApp Image 2021-04-15 at 1.jpeg', 0, 145489),
(241, '-170-WhatsApp Image 2021-04-15 at 1.jpeg', 1, 145489),
(242, '-761-WhatsApp Image 2021-04-15 at 1.jpeg', 0, 145489),
(243, '-15-WhatsApp Image 2021-04-15 at 1.jpeg', 0, 145489),
(244, '-160-WhatsApp Image 2021-04-15 at 1.jpeg', 0, 145489),
(245, '-598-WhatsApp Image 2021-04-15 at 1.jpeg', 0, 145490),
(246, '-24-WhatsApp Image 2021-04-15 at 1.jpeg', 1, 145490),
(247, '-659-WhatsApp Image 2021-04-15 at 1.jpeg', 0, 145490),
(248, '-824-WhatsApp Image 2021-04-15 at 1.jpeg', 0, 145490),
(249, '-668-WhatsApp Image 2021-04-15 at 1.jpeg', 0, 145490),
(250, '-815-WhatsApp Image 2021-04-15 at 1.jpeg', 0, 145490),
(251, '-477-WhatsApp Image 2021-04-15 at 1.jpeg', 0, 145490),
(252, '-81-WhatsApp Image 2021-04-15 at 1.jpeg', 0, 145492),
(253, '-542-WhatsApp Image 2021-04-15 at 1.jpeg', 1, 145492),
(254, '-193-WhatsApp Image 2021-04-15 at 1.jpeg', 0, 145492),
(255, '-455-WhatsApp Image 2021-04-15 at 1.jpeg', 0, 145492),
(256, '-624-WhatsApp Image 2021-04-15 at 1.jpeg', 0, 145492),
(257, '-48-WhatsApp Image 2021-04-15 at 1.jpeg', 0, 145492),
(258, '-432-WhatsApp Image 2021-04-15 at 1.jpeg', 0, 145493),
(259, '-732-WhatsApp Image 2021-04-15 at 1.jpeg', 1, 145493),
(260, '-53-WhatsApp Image 2021-04-15 at 1.jpeg', 0, 145493),
(261, '-831-WhatsApp Image 2021-04-15 at 1.jpeg', 0, 145493),
(262, '-468-WhatsApp Image 2021-04-15 at 1.jpeg', 0, 145493),
(263, '-150-WhatsApp Image 2021-04-15 at 1.jpeg', 0, 145493),
(264, '-887-WhatsApp Image 2021-04-15 at 1.jpeg', 0, 145493),
(265, '-664-WhatsApp Image 2021-04-15 at 1.jpeg', 0, 145494),
(266, '-442-WhatsApp Image 2021-04-15 at 1.jpeg', 1, 145494),
(267, '-31-WhatsApp Image 2021-04-15 at 1.jpeg', 0, 145494),
(268, '-523-WhatsApp Image 2021-04-15 at 1.jpeg', 0, 145494),
(269, '-53-WhatsApp Image 2021-04-15 at 1.jpeg', 0, 145494),
(270, '-596-WhatsApp Image 2021-04-15 at 1.jpeg', 0, 145494),
(271, '-878-12.jpeg', 0, 145495),
(272, '-303-1.jpeg', 1, 145495),
(273, '-592-2.jpeg', 0, 145495),
(274, '-125-3.jpeg', 0, 145495),
(275, '-154-4.jpeg', 0, 145495),
(276, '-421-5.jpeg', 0, 145495),
(277, '-326-6.jpeg', 0, 145495),
(278, '-416-7.jpeg', 0, 145495),
(279, '-210-8.jpeg', 0, 145495),
(280, '-16-9.jpeg', 0, 145495),
(281, '-711-WhatsApp Image 2019-06-26 at 10.jpeg', 0, 145496),
(282, '-863-WhatsApp Image 2019-06-26 at 10.jpeg', 1, 145496),
(283, '-834-WhatsApp Image 2019-06-26 at 10.jpeg', 0, 145496),
(284, '-813-WhatsApp Image 2019-06-26 at 10.jpeg', 0, 145496),
(285, '-15-WhatsApp Image 2019-06-26 at 10.jpeg', 0, 145496),
(286, '-263-WhatsApp Image 2019-06-26 at 10.jpeg', 0, 145496),
(287, '-501-WhatsApp Image 2019-06-26 at 10.jpeg', 0, 145496),
(288, '-820-WhatsApp Image 2019-06-26 at 10.jpeg', 0, 145496),
(289, '-707-WhatsApp Image 2019-06-26 at 10.jpeg', 0, 145496),
(290, '-709-2.jpg', 0, 145497),
(291, '-664-4.jpg', 1, 145497),
(292, '-191-5.jpg', 0, 145497),
(293, '-388-6.jpg', 0, 145497),
(294, '-33-7.jpg', 0, 145497),
(295, '-170-8.jpg', 0, 145497),
(296, '-768-9.jpg', 0, 145497),
(297, '-681-10.jpg', 0, 145497),
(298, '-879-12.jpg', 0, 145497),
(299, '-702-13.jpg', 0, 145497),
(300, '-74-WhatsApp Image 2019-09-25 at 4.jpeg', 0, 145498),
(301, '-116-WhatsApp Image 2019-09-25 at 4.jpeg', 1, 145498),
(302, '-69-WhatsApp Image 2019-09-25 at 4.jpeg', 0, 145498),
(303, '-847-WhatsApp Image 2019-09-25 at 4.jpeg', 0, 145498),
(304, '-88-WhatsApp Image 2019-09-25 at 4.jpeg', 0, 145498),
(305, '-614-WhatsApp Image 2019-09-25 at 4.jpeg', 0, 145498),
(306, '-404-WhatsApp Image 2019-09-25 at 4.jpeg', 0, 145498),
(307, '-509-WhatsApp Image 2019-09-25 at 4.jpeg', 0, 145498),
(308, '-823-WhatsApp Image 2019-09-25 at 4.jpeg', 0, 145498),
(309, '-676-WhatsApp Image 2019-09-25 at 4.jpeg', 0, 145498),
(310, '-648-3.jpg', 0, 145499),
(311, '-142-4.jpg', 1, 145499),
(312, '-780-5.jpg', 0, 145499),
(313, '-345-7.jpg', 0, 145499),
(314, '-203-8.jpg', 0, 145499),
(315, '-321-9.jpg', 0, 145499),
(316, '-772-10.jpg', 0, 145499),
(317, '-498-12.jpg', 0, 145499),
(318, '-401-16.jpg', 0, 145499),
(319, '-699-17.jpg', 0, 145499),
(320, '-750-WhatsApp Image 2021-03-07 at 2.jpeg', 0, 145500),
(321, '-513-WhatsApp Image 2021-03-07 at 2.jpeg', 1, 145500),
(322, '-124-WhatsApp Image 2021-03-07 at 2.jpeg', 0, 145500),
(323, '-152-WhatsApp Image 2021-03-07 at 2.jpeg', 0, 145500),
(324, '-224-WhatsApp Image 2021-03-07 at 2.jpeg', 0, 145500),
(325, '-150-WhatsApp Image 2021-03-07 at 2.jpeg', 0, 145500),
(326, '-462-6.jpg', 0, 145501),
(327, '-780-7.jpg', 1, 145501),
(328, '-430-9.jpg', 0, 145501),
(329, '-271-11.jpg', 0, 145501),
(330, '-423-13.jpg', 0, 145501),
(331, '-835-15.jpg', 0, 145501),
(332, '-658-17.jpg', 0, 145501),
(333, '-890-19.jpg', 0, 145501),
(334, '-665-20.jpg', 0, 145501),
(335, '-879-21.jpg', 0, 145501),
(336, '-587-WhatsApp Image 2019-12-17 at 1.jpeg', 0, 145502),
(337, '-357-WhatsApp Image 2019-12-17 at 1.jpeg', 1, 145502),
(338, '-587-WhatsApp Image 2019-12-17 at 1.jpeg', 0, 145502),
(339, '-78-WhatsApp Image 2019-12-17 at 1.jpeg', 0, 145502),
(340, '-432-WhatsApp Image 2019-12-17 at 1.jpeg', 0, 145502),
(341, '-98-WhatsApp Image 2020-03-08 at 2.jpeg', 0, 145503),
(342, '-794-WhatsApp Image 2020-03-08 at 2.jpeg', 1, 145503),
(343, '-180-WhatsApp Image 2020-03-08 at 2.jpeg', 0, 145503),
(344, '-179-WhatsApp Image 2020-03-08 at 2.jpeg', 0, 145503),
(345, '-222-WhatsApp Image 2020-03-08 at 2.jpeg', 0, 145503),
(346, '-50-WhatsApp Image 2020-03-08 at 2.jpeg', 0, 145503),
(347, '-377-WhatsApp Image 2020-03-08 at 2.jpeg', 0, 145504),
(348, '-456-WhatsApp Image 2020-03-08 at 2.jpeg', 1, 145504),
(349, '-708-WhatsApp Image 2020-03-08 at 2.jpeg', 0, 145504),
(350, '-725-WhatsApp Image 2020-03-08 at 2.jpeg', 0, 145504),
(351, '-891-WhatsApp Image 2020-03-08 at 2.jpeg', 0, 145504),
(352, '-528-WhatsApp Image 2020-03-08 at 2.jpeg', 0, 145504),
(353, '-483-WhatsApp Image 2020-03-08 at 2.jpeg', 0, 145504),
(354, '-185-1.jpeg', 0, 145505),
(355, '-184-2.jpeg', 1, 145505),
(356, '-631-3.jpeg', 0, 145505),
(357, '-33-4.jpeg', 0, 145505),
(358, '-424-6.jpeg', 0, 145505),
(359, '-690-8.jpeg', 0, 145505),
(360, '-174-9.jpeg', 0, 145505),
(361, '-768-10.jpeg', 0, 145505),
(362, '-761-11.jpeg', 0, 145505),
(363, '-694-12.jpeg', 0, 145505),
(364, '-322-IMG-20210613-WA0143.jpg', 0, 145506),
(365, '-106-IMG-20210613-WA0146.jpg', 1, 145506),
(366, '-705-IMG-20210613-WA0144.jpg', 0, 145506),
(367, '-157-WhatsApp Image 2020-06-14 at 2.jpeg', 0, 145507),
(368, '-308-WhatsApp Image 2020-06-14 at 2.jpeg', 1, 145507),
(369, '-720-WhatsApp Image 2020-06-14 at 2.jpeg', 0, 145507),
(370, '-560-WhatsApp Image 2020-06-14 at 2.jpeg', 0, 145507),
(371, '-55-WhatsApp Image 2020-06-14 at 2.jpeg', 0, 145507),
(372, '-185-WhatsApp Image 2021-02-11 at 11.jpeg', 0, 145508),
(373, '-434-WhatsApp Image 2021-02-11 at 11.jpeg', 1, 145508),
(374, '-787-WhatsApp Image 2021-02-11 at 11.jpeg', 0, 145508),
(375, '-774-WhatsApp Image 2021-02-11 at 11.jpeg', 0, 145508),
(376, '-861-WhatsApp Image 2020-03-04 at 11.jpeg', 0, 145509),
(377, '-305-WhatsApp Image 2020-03-04 at 11.jpeg', 1, 145509),
(378, '-37-WhatsApp Image 2020-03-04 at 11.jpeg', 0, 145509),
(379, '-294-WhatsApp Image 2020-03-04 at 11.jpeg', 0, 145509),
(380, '-15-2.jpg', 0, 145510),
(381, '-444-4.jpg', 1, 145510),
(382, '-550-5.jpg', 0, 145510),
(383, '-81-6.jpg', 0, 145510),
(384, '-431-8.jpg', 0, 145510),
(385, '-24-10.jpg', 0, 145510),
(386, '-431-12.jpg', 0, 145510),
(387, '-784-13.jpg', 0, 145510),
(388, '-541-15.jpg', 0, 145510),
(389, '-407-16.jpg', 0, 145510),
(390, '-202-WhatsApp Image 2019-12-31 at 4.jpeg', 0, 145511),
(391, '-221-WhatsApp Image 2019-12-31 at 4.jpeg', 1, 145511),
(392, '-515-1.jpg', 0, 145514),
(393, '-66-2.jpg', 1, 145514),
(394, '-313-3.jpg', 0, 145514),
(395, '-297-4.jpg', 0, 145514),
(396, '-246-5.jpg', 0, 145514),
(397, '-814-6.jpg', 0, 145514),
(398, '-440-7.jpg', 0, 145514),
(399, '-265-8.jpg', 0, 145514),
(400, '-559-9.jpg', 0, 145514),
(401, '-421-10.jpg', 0, 145514),
(402, '-533-1.jpg', 0, 145515),
(403, '-873-2.jpg', 1, 145515),
(404, '-131-3.jpg', 0, 145515),
(405, '-196-4.jpg', 0, 145515),
(406, '-119-5.jpg', 0, 145515),
(407, '-313-6.jpg', 0, 145515),
(408, '-715-7.jpg', 0, 145515),
(409, '-685-8.jpg', 0, 145515),
(410, '-542-1111.jpg', 0, 145516),
(411, '-394-2222.jpg', 1, 145516),
(412, '-406-3333.jpg', 0, 145516),
(413, '-10-4444.jpg', 0, 145516),
(414, '-780-5555.jpg', 0, 145516),
(415, '-221-6666.jpg', 0, 145516),
(416, '-65-7777.jpg', 0, 145516),
(417, '-785-8888.jpg', 0, 145516),
(418, '-633-9999.jpg', 0, 145516),
(419, '-835-1111111.jpg', 0, 145516),
(420, '-637--820-3.png', 0, 145517),
(421, '-884--151-4.png', 0, 145519),
(422, '-860--820-3.png', 1, 145519),
(423, '-623-60c219bdc6bd3871123918.jpg', 0, 145520),
(424, '-95-1906182-a3d53o.jpg', 1, 145520),
(425, '-513-76109618.jpg', 0, 145520),
(426, '-719-sunny-modern-apartment-rent-99b8773ebfc795588d6ee64671e072ea.jpg', 0, 145520),
(427, '-615-9.jpg', 0, 145521),
(428, '-141-10.jpg', 1, 145521),
(429, '-741-20.jpg', 0, 145521),
(430, '-450-21.jpg', 0, 145521),
(431, '-5-22.jpg', 0, 145521),
(432, '-829-23.jpg', 0, 145521),
(433, '-344-24.jpg', 0, 145521),
(434, '-96-1906182-a3d53o.jpg', 0, 145522),
(435, '-684-76109618.jpg', 1, 145522),
(436, '-545-IMG-20210616-WA0007.jpg', 0, 145523),
(437, '-114-IMG-20210616-WA0005.jpg', 0, 145524),
(438, '-542-IMG-20201020-WA0059.jpg', 0, 145525),
(439, '-351-IMG-20201018-WA0018.jpg', 0, 145526),
(440, '-86-IMG-20210620-WA0001.jpg', 0, 145527),
(441, '-36-IMG-20210619-WA0002.jpg', 1, 145527),
(442, '-115-IMG-20210620-WA0002.jpg', 0, 145527),
(443, '-792-IMG-20210526-WA0014.jpg', 0, 145528),
(444, '-895-IMG-20210529-WA0080.jpg', 0, 145529),
(445, '-600-IMG-20210529-WA0080.jpg', 0, 145530),
(446, '-25-IMG-20210529-WA0080.jpg', 0, 145531),
(447, '-24-IMG-20210529-WA0080.jpg', 0, 145532),
(448, '-104-Screenshot_20210619-015713_Chrome.jpg', 0, 145533),
(449, '-654-Screenshot_20210618-215807_Facebook.jpg', 1, 145533),
(450, '-29-Screenshot_20210618-215556_Facebook.jpg', 0, 145533),
(451, '-255-IMG-20210608-WA0083.jpg', 0, 145534),
(452, '-156-14.jpg', 0, 145535),
(453, '-481-74171293_128374885238441_3928286799566209024_n.jpg', 1, 145535),
(454, '-49-_1_.jpg', 0, 145535),
(455, '-4-_3_.jpg', 0, 145535),
(456, '-362-3.jpg', 0, 145535),
(457, '-555-4.jpg', 0, 145535),
(458, '-223-6.jpg', 0, 145535),
(459, '-644-9.jpg', 0, 145535),
(460, '-749-11.jpg', 0, 145535),
(461, '-368-12.jpg', 0, 145535),
(462, '-701-1.jpg', 0, 145536),
(463, '-345-2.jpg', 1, 145536),
(464, '-208-3.jpg', 0, 145536),
(465, '-5-4.jpg', 0, 145536),
(466, '-99-5.jpg', 0, 145536),
(467, '-181-6.jpg', 0, 145536),
(468, '-165-7.jpg', 0, 145536),
(469, '-514-8.jpg', 0, 145536),
(470, '-273-1.jpg', 0, 145537),
(471, '-369-2.jpg', 1, 145537),
(472, '-292-3.jpg', 0, 145537),
(473, '-300-4.jpg', 0, 145537),
(474, '-452-5.jpg', 0, 145537),
(475, '-79-6.jpg', 0, 145537),
(476, '-805-7.jpg', 0, 145537),
(477, '-627-8.jpg', 0, 145537),
(478, '-157-9.jpg', 0, 145537),
(479, '-25-10.jpg', 0, 145537),
(480, '-370-WhatsApp Image 2020-09-13 at 12.jpeg', 0, 145538),
(481, '-354-WhatsApp Image 2020-09-13 at 12.jpeg', 1, 145538),
(482, '-830-WhatsApp Image 2020-09-13 at 12.jpeg', 0, 145538),
(483, '-645-WhatsApp Image 2020-09-13 at 12.jpeg', 0, 145538),
(484, '-108-WhatsApp Image 2020-09-13 at 12.jpeg', 0, 145538),
(485, '-706-WhatsApp Image 2020-09-13 at 12.jpeg', 0, 145538),
(486, '-424-WhatsApp Image 2020-09-13 at 12.jpeg', 0, 145538),
(487, '-693-WhatsApp Image 2020-09-13 at 12.jpeg', 0, 145538),
(488, '-627-WhatsApp Image 2020-09-13 at 12.jpeg', 0, 145538),
(489, '-525-WhatsApp Image 2020-09-13 at 12.jpeg', 0, 145538),
(490, '-130-16.jpg', 0, 145539),
(491, '-779-5.jpg', 1, 145539),
(492, '-236-7.jpg', 0, 145539),
(493, '-90-8.jpg', 0, 145539),
(494, '-456-12.jpg', 0, 145539),
(495, '-557-14.jpg', 0, 145539),
(496, '-656-15.jpg', 0, 145539),
(497, '-650-1.jpg', 0, 145540),
(498, '-708-2.jpg', 1, 145540),
(499, '-744-3.jpg', 0, 145540),
(500, '-313-4.jpg', 0, 145540),
(501, '-136-5.jpg', 0, 145540),
(502, '-291-6.jpg', 0, 145540),
(503, '-292-7.jpg', 0, 145540),
(504, '-20-8.jpg', 0, 145540),
(505, '-614-9.jpg', 0, 145540),
(506, '-489-10.jpg', 0, 145540),
(507, '-669-WhatsApp Image 2020-05-30 at 2.jpeg', 0, 145541),
(508, '-257-WhatsApp Image 2020-05-30 at 2.jpeg', 1, 145541),
(509, '-567-WhatsApp Image 2020-01-03 at 4.jpeg', 0, 145542),
(510, '-204-11.jpg', 0, 145543),
(511, '-336-18.jpg', 1, 145543),
(512, '-494-21.jpg', 0, 145543),
(513, '-374-1.jfif', 0, 145544),
(514, '-194--768-10 (1).jpeg', 0, 145545),
(515, '-357--705-IMG-20210613-WA0144 (1).jpg', 0, 145546),
(516, '-820--322-IMG-20210613-WA0143.jpg', 0, 145547),
(517, '-465--106-IMG-20210613-WA0146.jpg', 1, 145547),
(518, '-652--33-4.jpeg', 0, 145547),
(519, '-666--761-11 (1).jpeg', 0, 145548),
(520, '-379--761-11.jpeg', 1, 145548),
(521, '-409--694-12.jpeg', 0, 145548),
(522, '-487--690-8.jpeg', 0, 145548),
(523, '-172-Screenshot (1).png', 0, 145549),
(524, '-816-Screenshot (1).png', 0, 145550),
(525, '-165-Screenshot (1).png', 0, 145551),
(526, '-245--761-11 (1).jpeg', 0, 145552),
(527, '-731--761-11.jpeg', 1, 145552),
(528, '-355-test-12.jpeg', 0, 145553),
(529, '-489-test-13.jpeg', 1, 145553),
(530, '-757-test-14.jpeg', 0, 145553),
(531, '-36-download.jpg', 0, 145554),
(532, '-816-slide3.jpg', 1, 145554),
(533, '-506-1.jpg', 0, 145555),
(534, '-680-2.jpg', 1, 145555),
(535, '-824-3.jpg', 0, 145555),
(536, '-50-4.jpg', 0, 145555),
(537, '-148-5.jpg', 0, 145555),
(538, '-854-6.jpg', 0, 145555),
(539, '-99-7.jpg', 0, 145555),
(540, '-237-8.jpg', 0, 145555),
(541, '-164-9.jpg', 0, 145555),
(542, '-621-10.jpg', 0, 145555),
(543, '-513-1.jpg', 0, 145556),
(544, '-341-2.jpg', 1, 145556),
(545, '-662-3.jpg', 0, 145556),
(546, '-3-4.jpg', 0, 145556),
(547, '-586-5.jpg', 0, 145556),
(548, '-48-6.jpg', 0, 145556),
(549, '-561-7.jpg', 0, 145556),
(550, '-158-8.jpg', 0, 145556),
(551, '-668-9.jpg', 0, 145556),
(552, '-678-10.jpg', 0, 145556),
(553, '-569-WhatsApp Image 2019-06-27 at 6.jpeg', 0, 145557),
(554, '-107-test-6.jpeg', 0, 145563),
(555, '-722-test-14.jpeg', 0, 145563),
(556, '-153-test-15.jpeg', 0, 145563),
(557, '-572-test-16.jpeg', 0, 145563),
(558, '-604-test-17.jpeg', 0, 145563),
(559, '-764-test-18.jpeg', 0, 145563),
(560, '-636-test-6.jpeg', 0, 145564),
(561, '-895-test-15.jpeg', 0, 145564),
(562, '-798-test-16.jpeg', 0, 145564),
(563, '-583-test-17.jpeg', 0, 145564),
(564, '-114-test-3.jpeg', 0, 145565),
(565, '-838-test-16.jpeg', 0, 145565),
(566, '-418-test-17.jpeg', 0, 145565),
(567, '-819-test-6.jpeg', 0, 145566),
(568, '-587-test-15.jpeg', 0, 145566),
(569, '-325-test-16.jpeg', 0, 145566),
(570, '-872-test-17.jpeg', 0, 145566),
(571, '-615-test-18.jpeg', 0, 145566),
(572, '-798-test-14.jpeg', 0, 145567),
(573, '-498-test-15.jpeg', 0, 145567),
(574, '-341-test-16.jpeg', 0, 145567),
(575, '-555-test-17.jpeg', 0, 145567),
(576, '-53-icons8-letter-k-52.png', 0, 145568),
(577, '-346--106-IMG-20210613-WA0146 (1).jpg', 0, 145568),
(578, '-38-test-4.jpeg', 0, 145569),
(579, '-321-test-15.jpeg', 0, 145570),
(580, '-115-test-16.jpeg', 0, 145570),
(581, '-684-test-17.jpeg', 0, 145570),
(582, '-371-test-18.jpeg', 0, 145570),
(583, '-803-test-15.jpeg', 0, 145571),
(584, '-751-test-16.jpeg', 0, 145571),
(585, '-784-test-17.jpeg', 0, 145571),
(586, '-743-test-18.jpeg', 0, 145571),
(587, '-120-test-12.jpeg', 0, 145572),
(588, '-800-test-13.jpeg', 0, 145572),
(589, '-857-test-14.jpeg', 0, 145572),
(590, '-25-test-15.jpeg', 0, 145572),
(591, '-395-test-16.jpeg', 0, 145572),
(592, '-433-test-14.jpeg', 0, 145573),
(593, '-706-test-15.jpeg', 0, 145573),
(594, '-14-test-16.jpeg', 0, 145573),
(595, '-778-test-5.jpeg', 1, 145574),
(596, '-394-test-13.jpeg', 0, 145574),
(597, '-515-test-14.jpeg', 0, 145574),
(598, '-659-test-15.jpeg', 0, 145574),
(599, '-17-test-11.jpeg', 0, 145575),
(600, '-287-test-12.jpeg', 1, 145575),
(601, '-75-test-13.jpeg', 0, 145575),
(602, '-418-test-14.jpeg', 0, 145575),
(603, '-815-48974321684357594751687486.webp', 1, 145576),
(604, '-407-kafi favicon.png', 0, 145576),
(605, '-736-Untitled.png', 0, 145576),
(606, '-444-f782074e-8eef-4441-9d2e-e20b00db664b.jpg', 1, 145577),
(607, '-603-jg5vh16m61b11.jpg', 0, 145577),
(608, '-160--78-1659993597company.webp', 0, 145578),
(609, '-117-kafi favicon.png', 1, 145578),
(610, '-323-NoPath.png', 0, 145578),
(611, '-522-kafi favicon.png', 0, 145579),
(612, '-239--78-1659993597company.jpg', 0, 145580),
(613, '-36--78-1659993597company.webp', 1, 145580),
(614, '-767-48974321684357594751687486.webp', 0, 145580),
(615, '-137-cer1.png', 0, 145580),
(616, '-859--78-1659993597company.webp', 0, 145581),
(617, '-900--78-1659993597company.jpg', 0, 145582),
(618, '-408-kafi favicon.png', 0, 145582),
(619, '-54-NoPath.png', 0, 145582),
(620, '-101-Untitled.png', 0, 145582),
(621, '-845--78-1659993597company.jpg', 0, 145583),
(622, '-862-48974321684357594751687486.webp', 0, 145583),
(623, '-51-cer1.png', 0, 145583),
(624, '-301--78-1659993597company.jpg', 1, 145584),
(625, '-753--78-1659993597company.webp', 0, 145584),
(626, '-490-08.jpg', 1, 145585),
(627, '-73-09.jpg', 0, 145585),
(628, '-303-010.jpg', 0, 145585),
(629, '-489-013.jpg', 0, 145585),
(630, '-518-014.jpg', 0, 145585),
(631, '-85-015.jpg', 0, 145585),
(632, '-873-.png', 1, 145588),
(633, '-653-.png', 1, 145589),
(634, '-559-.png', 0, 145589),
(635, '-519-.png', 0, 145589),
(636, '-528-.png', 0, 145589);

-- --------------------------------------------------------

--
-- Table structure for table `aqar_category`
--

CREATE TABLE `aqar_category` (
  `cat_id` int(11) NOT NULL,
  `category_name` text NOT NULL
) ENGINE=InnoDB DEFAULT CHARSET=utf8mb4;

--
-- Dumping data for table `aqar_category`
--

INSERT INTO `aqar_category` (`cat_id`, `category_name`) VALUES
(1, 'سكني'),
(2, 'تجاري'),
(3, 'اداري');

-- --------------------------------------------------------

--
-- Table structure for table `aqar_mzaya`
--

CREATE TABLE `aqar_mzaya` (
  `mzaya_id` int(11) NOT NULL,
  `aqar_id` int(11) NOT NULL
) ENGINE=MyISAM DEFAULT CHARSET=latin1;

--
-- Dumping data for table `aqar_mzaya`
--

INSERT INTO `aqar_mzaya` (`mzaya_id`, `aqar_id`) VALUES
(1, 55),
(2, 55),
(3, 55),
(4, 55),
(10, 55),
(2, 56),
(4, 56),
(5, 56),
(2, 58),
(3, 58),
(4, 58),
(2, 59),
(3, 59),
(4, 59),
(2, 62),
(3, 62),
(5, 62),
(1, 63),
(1, 64),
(2, 64),
(1, 65),
(2, 66),
(3, 66),
(4, 66),
(2, 67),
(3, 67),
(4, 67),
(1, 68),
(2, 68),
(4, 68),
(1, 69),
(2, 69),
(3, 69),
(1, 70),
(2, 70),
(3, 70),
(2, 71),
(2, 72),
(5, 72),
(1, 73),
(3, 73),
(5, 73),
(2, 74),
(4, 74),
(5, 74),
(3, 75),
(5, 75),
(2, 78),
(5, 78),
(2, 80),
(2, 82),
(3, 82),
(4, 82),
(1, 83),
(3, 83),
(1, 145344),
(2, 145344),
(3, 145344),
(4, 145344),
(5, 145344),
(6, 145344),
(2, 145345),
(3, 145345),
(4, 145345),
(1, 145346),
(1, 145347),
(1, 145348),
(2, 145348),
(1, 145349),
(2, 145349),
(1, 145350),
(2, 145350),
(3, 145350),
(2, 145351),
(4, 145351),
(2, 145352),
(2, 145353),
(3, 145353),
(2, 145354),
(2, 145355),
(1, 145356),
(2, 145356),
(1, 145357),
(1, 145358),
(2, 145358),
(3, 145359),
(1, 145361),
(2, 145361),
(3, 145361),
(1, 145362),
(2, 145362),
(8, 145362),
(9, 145362),
(10, 145362),
(11, 145362),
(12, 145362),
(1, 145363),
(2, 145363),
(3, 145363),
(1, 145364),
(2, 145364),
(3, 145364),
(1, 145365),
(1, 145366),
(2, 145367),
(1, 145368),
(1, 145369),
(2, 145369),
(1, 145370),
(2, 145370),
(1, 145371),
(2, 145371),
(11, 145371),
(12, 145371),
(1, 145372),
(2, 145372),
(3, 145372),
(4, 145372),
(5, 145372),
(8, 145372),
(9, 145372),
(10, 145372),
(11, 145372),
(12, 145372),
(1, 145373),
(2, 145373),
(3, 145373),
(1, 145374),
(2, 145374),
(3, 145374),
(5, 145374),
(1, 145375),
(2, 145375),
(3, 145375),
(2, 145377),
(3, 145377),
(2, 145378),
(4, 145378),
(5, 145378),
(1, 145379),
(1, 145380),
(2, 145380),
(3, 145380),
(1, 145381),
(2, 145381),
(3, 145381),
(4, 145381),
(7, 145381),
(8, 145381),
(9, 145381),
(10, 145381),
(1, 145382),
(2, 145382),
(4, 145382),
(2, 145383),
(3, 145383),
(4, 145383),
(5, 145383),
(6, 145383),
(8, 145383),
(10, 145383),
(11, 145383),
(12, 145383),
(1, 145384),
(2, 145384),
(3, 145384),
(4, 145384),
(6, 145384),
(9, 145384),
(11, 145384),
(2, 145385),
(3, 145385),
(4, 145385),
(5, 145385),
(8, 145385),
(9, 145385),
(10, 145385),
(11, 145385),
(2, 145388),
(3, 145388),
(4, 145388),
(5, 145388),
(9, 145388),
(10, 145388),
(2, 145389),
(2, 145391),
(2, 145393),
(2, 145397),
(1, 145400),
(2, 145400),
(3, 145400),
(1, 145403),
(2, 145403),
(3, 145403),
(2, 145404),
(3, 145404),
(4, 145404),
(6, 145404),
(8, 145404),
(9, 145404),
(10, 145404),
(11, 145404),
(12, 145404),
(2, 145413),
(2, 145417),
(5, 145419),
(1, 145420),
(2, 145420),
(3, 145420),
(1, 145422),
(2, 145425),
(1, 145428),
(2, 145429),
(1, 145431),
(2, 145431),
(3, 145431),
(5, 145431),
(6, 145431),
(8, 145431),
(10, 145431),
(11, 145431),
(2, 145432),
(2, 145433),
(3, 145433),
(1, 145434),
(1, 145435),
(2, 145436),
(2, 145437),
(1, 145438),
(1, 145439),
(1, 145440),
(3, 145440),
(4, 145440),
(5, 145440),
(6, 145440),
(7, 145440),
(8, 145440),
(1, 145441),
(1, 145442),
(1, 145443),
(1, 145444),
(1, 145445),
(1, 145447),
(1, 145448),
(1, 145450),
(1, 145452),
(2, 145453),
(1, 145454),
(2, 145455),
(2, 145457),
(3, 145457),
(1, 145458),
(1, 145459),
(2, 145459),
(4, 145459),
(5, 145459),
(1, 145460),
(1, 145461),
(4, 145463),
(1, 145464),
(2, 145464),
(3, 145464),
(8, 145464),
(9, 145464),
(11, 145464),
(13, 145464),
(14, 145464),
(2, 145465),
(4, 145465),
(5, 145465),
(2, 145466),
(3, 145466),
(2, 145468),
(3, 145468),
(2, 145469),
(3, 145469),
(2, 145470),
(3, 145470),
(2, 145471),
(3, 145471),
(2, 145472),
(3, 145472),
(2, 145473),
(2, 145474),
(1, 145475),
(2, 145475),
(2, 145476),
(3, 145476),
(4, 145476),
(1, 145477),
(2, 145477),
(3, 145477),
(4, 145477),
(6, 145477),
(10, 145477),
(11, 145477),
(1, 145478),
(1, 145479),
(2, 145479),
(3, 145479),
(2, 145480),
(1, 145481),
(3, 145481),
(2, 145482),
(6, 145482),
(8, 145482),
(9, 145482),
(10, 145482),
(12, 145482),
(13, 145482),
(14, 145482),
(1, 145483),
(1, 145484),
(2, 145485),
(3, 145485),
(2, 145486),
(1, 145487),
(3, 145488),
(1, 145489),
(2, 145489),
(4, 145489),
(2, 145490),
(3, 145490),
(6, 145490),
(2, 145491),
(3, 145491),
(4, 145491),
(1, 145492),
(2, 145492),
(3, 145492),
(2, 145493),
(3, 145493),
(4, 145493),
(2, 145494),
(3, 145494),
(4, 145494),
(6, 145494),
(1, 145495),
(2, 145495),
(3, 145495),
(4, 145495),
(6, 145495),
(11, 145495),
(12, 145495),
(13, 145495),
(14, 145495),
(2, 145496),
(3, 145496),
(4, 145496),
(6, 145496),
(12, 145496),
(1, 145497),
(2, 145497),
(4, 145497),
(10, 145497),
(11, 145497),
(12, 145497),
(13, 145497),
(14, 145497),
(2, 145498),
(3, 145498),
(4, 145498),
(6, 145498),
(8, 145498),
(10, 145498),
(11, 145498),
(12, 145498),
(13, 145498),
(14, 145498),
(1, 145499),
(2, 145499),
(3, 145499),
(4, 145499),
(6, 145499),
(10, 145499),
(11, 145499),
(12, 145499),
(13, 145499),
(14, 145499),
(1, 145500),
(2, 145500),
(3, 145500),
(4, 145500),
(6, 145500),
(8, 145500),
(9, 145500),
(10, 145500),
(11, 145500),
(12, 145500),
(13, 145500),
(14, 145500),
(2, 145501),
(3, 145501),
(4, 145501),
(6, 145501),
(8, 145501),
(9, 145501),
(10, 145501),
(11, 145501),
(12, 145501),
(13, 145501),
(1, 145502),
(2, 145502),
(3, 145502),
(4, 145502),
(6, 145502),
(8, 145502),
(9, 145502),
(10, 145502),
(11, 145502),
(12, 145502),
(13, 145502),
(1, 145503),
(2, 145503),
(3, 145503),
(4, 145503),
(6, 145503),
(8, 145503),
(9, 145503),
(10, 145503),
(11, 145503),
(12, 145503),
(1, 145504),
(3, 145504),
(13, 145504),
(14, 145504),
(2, 145505),
(3, 145505),
(4, 145505),
(6, 145505),
(8, 145505),
(12, 145505),
(13, 145505),
(14, 145505),
(1, 145506),
(2, 145506),
(3, 145506),
(4, 145506),
(6, 145506),
(12, 145506),
(13, 145506),
(14, 145506),
(2, 145507),
(3, 145507),
(4, 145507),
(11, 145507),
(12, 145507),
(13, 145507),
(1, 145508),
(3, 145508),
(4, 145508),
(11, 145508),
(12, 145508),
(13, 145508),
(4, 145509),
(2, 145510),
(1, 145511),
(2, 145511),
(6, 145511),
(9, 145511),
(10, 145511),
(11, 145511),
(12, 145511),
(13, 145511),
(2, 145512),
(2, 145513),
(1, 145514),
(2, 145514),
(3, 145514),
(6, 145514),
(8, 145514),
(9, 145514),
(12, 145514),
(13, 145514),
(1, 145515),
(2, 145515),
(3, 145515),
(4, 145515),
(6, 145515),
(11, 145515),
(12, 145515),
(13, 145515),
(14, 145515),
(1, 145516),
(2, 145516),
(3, 145516),
(4, 145516),
(6, 145516),
(11, 145516),
(12, 145516),
(13, 145516),
(14, 145516),
(2, 145517),
(6, 145517),
(3, 145518),
(4, 145518),
(6, 145518),
(3, 145519),
(6, 145519),
(1, 145520),
(2, 145520),
(3, 145520),
(4, 145520),
(6, 145520),
(8, 145520),
(2, 145521),
(3, 145521),
(4, 145521),
(6, 145521),
(8, 145521),
(1, 145522),
(2, 145522),
(3, 145522),
(4, 145522),
(6, 145522),
(8, 145522),
(2, 145523),
(3, 145523),
(4, 145523),
(6, 145523),
(8, 145523),
(10, 145523),
(13, 145523),
(14, 145523),
(1, 145524),
(2, 145524),
(3, 145524),
(8, 145524),
(9, 145524),
(11, 145524),
(12, 145524),
(13, 145524),
(14, 145524),
(1, 145525),
(2, 145525),
(3, 145525),
(4, 145525),
(11, 145525),
(12, 145525),
(13, 145525),
(14, 145525),
(2, 145526),
(3, 145526),
(4, 145526),
(6, 145526),
(8, 145526),
(10, 145526),
(11, 145526),
(12, 145526),
(13, 145526),
(14, 145526),
(2, 145527),
(3, 145527),
(6, 145527),
(1, 145528),
(2, 145528),
(3, 145528),
(4, 145528),
(6, 145528),
(11, 145528),
(12, 145528),
(13, 145528),
(14, 145528),
(3, 145529),
(4, 145529),
(6, 145529),
(8, 145529),
(9, 145529),
(10, 145529),
(13, 145529),
(14, 145529),
(3, 145530),
(4, 145530),
(6, 145530),
(8, 145530),
(9, 145530),
(10, 145530),
(13, 145530),
(14, 145530),
(3, 145531),
(4, 145531),
(6, 145531),
(8, 145531),
(9, 145531),
(10, 145531),
(13, 145531),
(14, 145531),
(3, 145532),
(4, 145532),
(6, 145532),
(8, 145532),
(9, 145532),
(10, 145532),
(13, 145532),
(14, 145532),
(3, 145533),
(6, 145533),
(1, 145534),
(2, 145534),
(3, 145534),
(4, 145534),
(6, 145534),
(8, 145534),
(9, 145534),
(11, 145534),
(12, 145534),
(13, 145534),
(14, 145534),
(2, 145535),
(3, 145535),
(4, 145535),
(6, 145535),
(8, 145535),
(9, 145535),
(10, 145535),
(11, 145535),
(12, 145535),
(13, 145535),
(14, 145535),
(1, 145536),
(2, 145536),
(3, 145536),
(4, 145536),
(6, 145536),
(10, 145536),
(11, 145536),
(12, 145536),
(13, 145536),
(14, 145536),
(1, 145537),
(2, 145537),
(4, 145537),
(6, 145537),
(11, 145537),
(12, 145537),
(13, 145537),
(14, 145537),
(1, 145538),
(2, 145538),
(3, 145538),
(6, 145538),
(11, 145538),
(12, 145538),
(13, 145538),
(14, 145538),
(1, 145539),
(2, 145539),
(3, 145539),
(10, 145539),
(11, 145539),
(12, 145539),
(13, 145539),
(14, 145539),
(1, 145540),
(4, 145540),
(6, 145540),
(8, 145540),
(13, 145540),
(14, 145540),
(2, 145541),
(3, 145541),
(4, 145541),
(11, 145541),
(12, 145541),
(13, 145541),
(14, 145541),
(1, 145542),
(2, 145542),
(3, 145542),
(4, 145542),
(9, 145542),
(10, 145542),
(11, 145542),
(12, 145542),
(13, 145542),
(14, 145542),
(1, 145543),
(2, 145543),
(3, 145543),
(4, 145543),
(6, 145543),
(8, 145543),
(11, 145543),
(12, 145543),
(13, 145543),
(14, 145543),
(1, 145544),
(2, 145544),
(3, 145544),
(11, 145544),
(12, 145544),
(13, 145544),
(1, 145545),
(3, 145545),
(4, 145545),
(2, 145546),
(1, 145547),
(2, 145547),
(3, 145547),
(4, 145547),
(6, 145547),
(2, 145548),
(3, 145548),
(4, 145548),
(1, 145549),
(2, 145549),
(3, 145549),
(4, 145549),
(6, 145549),
(1, 145550),
(2, 145550),
(3, 145550),
(4, 145550),
(1, 145551),
(2, 145551),
(3, 145551),
(4, 145551),
(1, 145552),
(2, 145553),
(3, 145553),
(4, 145553),
(2, 145554),
(3, 145554),
(4, 145554),
(6, 145554),
(9, 145554),
(1, 145555),
(3, 145555),
(4, 145555),
(6, 145555),
(12, 145555),
(13, 145555),
(1, 145556),
(3, 145556),
(4, 145556),
(6, 145556),
(12, 145556),
(13, 145556),
(1, 145557),
(2, 145557),
(3, 145557),
(4, 145557),
(6, 145557),
(12, 145557),
(13, 145557),
(14, 145557),
(15, 145557),
(2, 145558),
(3, 145558),
(8, 145558),
(9, 145558),
(1, 145559),
(6, 145559),
(11, 145559),
(15, 145559),
(1, 145560),
(6, 145560),
(11, 145560),
(15, 145560),
(1, 145561),
(6, 145561),
(11, 145561),
(1, 145562),
(6, 145562),
(11, 145562),
(15, 145562),
(6, 145563),
(11, 145563),
(15, 145563),
(1, 145564),
(1, 145565),
(6, 145565),
(1, 145566),
(6, 145566),
(11, 145566),
(15, 145566),
(15, 145567),
(1, 145568),
(6, 145568),
(11, 145568),
(15, 145569),
(1, 145574),
(11, 145582),
(1, 145585),
(1, 145589),
(6, 145589);

-- --------------------------------------------------------

--
-- Table structure for table `blogs`
--

CREATE TABLE `blogs` (
  `id` bigint(20) NOT NULL,
  `created_at` datetime NOT NULL,
  `updated_at` datetime NOT NULL,
  `body` longtext CHARACTER SET utf8 NOT NULL,
  `img_name` varchar(255) CHARACTER SET utf8 DEFAULT NULL,
  `title` text CHARACTER SET utf8 NOT NULL,
  `slug` text CHARACTER SET utf8 NOT NULL
) ENGINE=MyISAM DEFAULT CHARSET=latin1;

-- --------------------------------------------------------

--
-- Table structure for table `call_time`
--

CREATE TABLE `call_time` (
  `id` int(11) NOT NULL,
  `call_time` text DEFAULT NULL
) ENGINE=InnoDB DEFAULT CHARSET=utf8mb4;

--
-- Dumping data for table `call_time`
--

INSERT INTO `call_time` (`id`, `call_time`) VALUES
(1, 'من 9 صباحا الى 5 مساء'),
(2, 'من 5 مساء الى 12 صباحا'),
(3, 'كل الاوقات');

-- --------------------------------------------------------

--
-- Table structure for table `company`
--

CREATE TABLE `company` (
  `id` int(11) NOT NULL,
  `Name` varchar(200) CHARACTER SET utf8 DEFAULT NULL,
  `area_id` int(191) NOT NULL,
  `Company_activity` varchar(191) DEFAULT NULL,
  `user_id` int(11) DEFAULT NULL,
  `description` text CHARACTER SET utf8 DEFAULT NULL,
  `Employee_Name` varchar(100) CHARACTER SET utf8 NOT NULL,
  `Job_title` varchar(129) CHARACTER SET utf8 DEFAULT NULL,
  `Phone` varchar(191) DEFAULT NULL,
  `governrate_id` int(11) NOT NULL,
  `building_number` int(100) DEFAULT NULL,
  `Floor` int(11) DEFAULT NULL,
  `unit_number` int(11) DEFAULT NULL,
  `details` text CHARACTER SET utf8 DEFAULT NULL,
  `Tax_card` varchar(199) DEFAULT NULL,
  `Commercial_Register` varchar(191) DEFAULT NULL,
  `Password` varchar(60) CHARACTER SET utf8 DEFAULT NULL,
  `photo` varchar(100) CHARACTER SET utf8 DEFAULT NULL,
  `created_at` timestamp NULL DEFAULT NULL,
  `updated_at` timestamp NULL DEFAULT NULL,
  `Serv_id` int(11) DEFAULT NULL
) ENGINE=MyISAM DEFAULT CHARSET=latin1;

--
-- Dumping data for table `company`
--

INSERT INTO `company` (`id`, `Name`, `area_id`, `Company_activity`, `user_id`, `description`, `Employee_Name`, `Job_title`, `Phone`, `governrate_id`, `building_number`, `Floor`, `unit_number`, `details`, `Tax_card`, `Commercial_Register`, `Password`, `photo`, `created_at`, `updated_at`, `Serv_id`) VALUES
(1, 'جولدن سيتي', 0, '3', 4, '', 'علي حسن', '1', '1000000000', 1, 10, 1, 1, 'هناك حقيقة مثبتة منذ زمن طويل وهي أن المحتوى المقروء لصفحة ما سيلهي القارئ عن التركيز على الشكل الخارجي للنص أو شكل توضع الفقرات في الصفحة التي يقرأها.', '541555557', '101447444', NULL, NULL, NULL, NULL, 1),
(2, 'المصريه لنقل الفش', 0, '4', NULL, NULL, 'محمد احمد', '1', '1000000000', 1, 11, 1, 1, 'هناك حقيقة مثبتة منذ زمن طويل وهي أن المحتوى المقروء لصفحة ما سيلهي القارئ عن التركيز على الشكل الخارجي للنص أو شكل توضع الفقرات في الصفحة التي يقرأها.', '44444444', '55555555', NULL, NULL, NULL, NULL, 2),
(3, 'الوليد', 72, '1', 11, NULL, 'محمد', NULL, '45643', 2, 2, 2, 2, '21323', '12321', '3213', NULL, NULL, '2021-06-16 21:54:45', '2021-06-16 21:54:45', 3),
(4, 'الوليد', 1, '1', 11, NULL, 'محمد', NULL, '45643', 1, 2, 2, 2, '21323', '12321', '3213', NULL, NULL, '2021-06-16 22:08:12', '2021-06-16 22:08:12', 3),
(5, 'السبع', 73, '2', 11, NULL, 'محمد', NULL, '02151515815215', 2, 445, 4, 11, 'سائر اللازمة ومطالبة حدة بل. الآخر الحلفاء أن غزو, إجلاء وتنامت عدد مع. لقهر معركة لبلجيكا، بـ انه, ربع الأثنان المقيتة في, اقتصّت المحور حدة و. هذه ما طرفاً عالمية استسلام, الصين وتنامت حين ٣٠, ونتج والحزب المذابح كل جوي. أسر كارثة المشتّتون بل, وبعض وبداية الصفحة غزو قد, أي بحث تعداد الجنوب.سائر اللازمة ومطالبة حدة بل. الآخر الحلفاء أن غزو, إجلاء وتنامت عدد مع. لقهر معركة لبلجيكا، بـ انه, ربع الأثنان المقيتة في, اقتصّت المحور حدة و. هذه ما طرفاً عالمية استسلام, الصين وتنامت حين ٣٠, ونتج والحزب المذابح كل جوي. أسر كارثة المشتّتون بل, وبعض وبداية الصفحة غزو قد, أي بحث تعداد الجنوب.', '12321', '4543768', NULL, NULL, '2021-06-16 22:16:53', '2021-06-16 22:16:53', 3),
(6, 'السبع', 73, '2', 11, NULL, 'محمد', NULL, '02151515815215', 2, 445, 4, 11, 'سائر اللازمة ومطالبة حدة بل. الآخر الحلفاء أن غزو, إجلاء وتنامت عدد مع. لقهر معركة لبلجيكا، بـ انه, ربع الأثنان المقيتة في, اقتصّت المحور حدة و. هذه ما طرفاً عالمية استسلام, الصين وتنامت حين ٣٠, ونتج والحزب المذابح كل جوي. أسر كارثة المشتّتون بل, وبعض وبداية الصفحة غزو قد, أي بحث تعداد الجنوب.سائر اللازمة ومطالبة حدة بل. الآخر الحلفاء أن غزو, إجلاء وتنامت عدد مع. لقهر معركة لبلجيكا، بـ انه, ربع الأثنان المقيتة في, اقتصّت المحور حدة و. هذه ما طرفاً عالمية استسلام, الصين وتنامت حين ٣٠, ونتج والحزب المذابح كل جوي. أسر كارثة المشتّتون بل, وبعض وبداية الصفحة غزو قد, أي بحث تعداد الجنوب.', '12321', '4543768', NULL, NULL, '2021-06-16 22:17:24', '2021-06-16 22:17:24', 3),
(7, 'السبع', 73, '2', 11, NULL, 'محمد', NULL, '02151515815215', 2, 445, 4, 11, 'سائر اللازمة ومطالبة حدة بل. الآخر الحلفاء أن غزو, إجلاء وتنامت عدد مع. لقهر معركة لبلجيكا، بـ انه, ربع الأثنان المقيتة في, اقتصّت المحور حدة و. هذه ما طرفاً عالمية استسلام, الصين وتنامت حين ٣٠, ونتج والحزب المذابح كل جوي. أسر كارثة المشتّتون بل, وبعض وبداية الصفحة غزو قد, أي بحث تعداد الجنوب.سائر اللازمة ومطالبة حدة بل. الآخر الحلفاء أن غزو, إجلاء وتنامت عدد مع. لقهر معركة لبلجيكا، بـ انه, ربع الأثنان المقيتة في, اقتصّت المحور حدة و. هذه ما طرفاً عالمية استسلام, الصين وتنامت حين ٣٠, ونتج والحزب المذابح كل جوي. أسر كارثة المشتّتون بل, وبعض وبداية الصفحة غزو قد, أي بحث تعداد الجنوب.', '12321', '4543768', NULL, NULL, '2021-06-16 22:19:51', '2021-06-16 22:19:51', 4),
(8, 'الكنجو', 73, '4', 11, NULL, 'محمد', NULL, '0518125185464', 2, 453, 4, 33, 'سائر اللازمة ومطالبة حدة بل. الآخر الحلفاء أن غزو, إجلاء وتنامت عدد مع. لقهر معركة لبلجيكا، بـ انه, ربع الأثنان المقيتة في, اقتصّت المحور حدة و. هذه ما طرفاً عالمية استسلام, الصين وتنامت حين ٣٠, ونتج والحزب المذابح كل جوي. أسر كارثة المشتّتون بل, وبعض وبداية الصفحة غزو قد, أي بحث تعداد الجنوب.سائر اللازمة ومطالبة حدة بل. الآخر الحلفاء أن غزو, إجلاء وتنامت عدد مع. لقهر معركة لبلجيكا، بـ انه, ربع الأثنان المقيتة في, اقتصّت المحور حدة و. هذه ما طرفاً عالمية استسلام, الصين وتنامت حين ٣٠, ونتج والحزب المذابح كل جوي. أسر كارثة المشتّتون بل, وبعض وبداية الصفحة غزو قد, أي بحث تعداد الجنوب.', '5765484', '4357665', NULL, NULL, '2021-06-16 22:20:52', '2021-06-16 22:20:52', 4),
(9, '543fdg', 3, '2', 11, NULL, 'محمد', NULL, '43543', 1, 435, 435, 435, '345fdgfd', '3456546', '435435', NULL, NULL, '2021-06-16 22:23:32', '2021-06-16 22:23:32', 4),
(10, '34543', 1, '1', 11, NULL, 'محمد', NULL, '5435435', 1, 54, 435, 435, 'fdgdf', '43564', '354543', NULL, NULL, '2021-06-16 22:26:59', '2021-06-16 22:26:59', 4),
(11, '34543', 1, '1', 11, NULL, 'محمد', NULL, '5435435', 1, 54, 435, 435, 'fdgdf', '43564', '354543', NULL, NULL, '2021-06-16 22:30:14', '2021-06-16 22:30:14', 4),
(12, 'frrgfdg', 79, '1', 11, NULL, 'محمد', NULL, 'fdgfdg', 2, 4, 435, 453, '4343', '43', '43', NULL, '-747-f4eb8da9263f7d196590b1e0d469b5a9.jpg', '2021-06-16 22:33:37', '2021-06-16 22:33:37', 4),
(13, '543fdg', 3, '2', 11, NULL, 'محمد', NULL, '43543', 1, 435, 435, 435, '345fdgfd', '3456546', '435435', NULL, NULL, '2021-06-16 22:23:32', '2021-06-16 22:23:32', 4),
(14, '34543', 1, '1', 11, NULL, 'محمد', NULL, '5435435', 1, 54, 435, 435, 'fdgdf', '43564', '354543', NULL, NULL, '2021-06-16 22:26:59', '2021-06-16 22:26:59', 4),
(15, '34543', 1, '1', 11, NULL, 'محمد', NULL, '5435435', 1, 54, 435, 435, 'fdgdf', '43564', '354543', NULL, NULL, '2021-06-16 22:30:14', '2021-06-16 22:30:14', 3),
(16, 'frrgfdg', 79, '1', 11, NULL, 'محمد', NULL, 'fdgfdg', 2, 4, 435, 453, '4343', '43', '43', NULL, '-747-f4eb8da9263f7d196590b1e0d469b5a9.jpg', '2021-06-16 22:33:37', '2021-06-16 22:33:37', 3),
(17, 'جولدن سيتي', 0, '4', 4, '', 'علي حسن', '1', '1000000000', 1, 10, 1, 1, 'هناك حقيقة مثبتة منذ زمن طويل وهي أن المحتوى المقروء لصفحة ما سيلهي القارئ عن التركيز على الشكل الخارجي للنص أو شكل توضع الفقرات في الصفحة التي يقرأها.', '541555557', '101447444', NULL, NULL, NULL, NULL, 1),
(18, 'المصريه لنقل الفش', 0, '4', NULL, NULL, 'محمد احمد', '1', '1000000000', 1, 11, 1, 1, 'هناك حقيقة مثبتة منذ زمن طويل وهي أن المحتوى المقروء لصفحة ما سيلهي القارئ عن التركيز على الشكل الخارجي للنص أو شكل توضع الفقرات في الصفحة التي يقرأها.', '44444444', '55555555', NULL, NULL, NULL, NULL, 2),
(19, 'الوليد', 72, '1', 11, NULL, 'محمد', NULL, '45643', 2, 2, 2, 2, '21323', '12321', '3213', NULL, NULL, '2021-06-16 21:54:45', '2021-06-16 21:54:45', 3),
(20, 'الوليد', 1, '1', 11, NULL, 'محمد', NULL, '45643', 1, 2, 2, 2, '21323', '12321', '3213', NULL, NULL, '2021-06-16 22:08:12', '2021-06-16 22:08:12', 3),
(21, 'السبع', 73, '2', 11, NULL, 'محمد', NULL, '02151515815215', 2, 445, 4, 11, 'سائر اللازمة ومطالبة حدة بل. الآخر الحلفاء أن غزو, إجلاء وتنامت عدد مع. لقهر معركة لبلجيكا، بـ انه, ربع الأثنان المقيتة في, اقتصّت المحور حدة و. هذه ما طرفاً عالمية استسلام, الصين وتنامت حين ٣٠, ونتج والحزب المذابح كل جوي. أسر كارثة المشتّتون بل, وبعض وبداية الصفحة غزو قد, أي بحث تعداد الجنوب.سائر اللازمة ومطالبة حدة بل. الآخر الحلفاء أن غزو, إجلاء وتنامت عدد مع. لقهر معركة لبلجيكا، بـ انه, ربع الأثنان المقيتة في, اقتصّت المحور حدة و. هذه ما طرفاً عالمية استسلام, الصين وتنامت حين ٣٠, ونتج والحزب المذابح كل جوي. أسر كارثة المشتّتون بل, وبعض وبداية الصفحة غزو قد, أي بحث تعداد الجنوب.', '12321', '4543768', NULL, NULL, '2021-06-16 22:16:53', '2021-06-16 22:16:53', 3),
(22, 'السبع', 73, '2', 11, NULL, 'محمد', NULL, '02151515815215', 2, 445, 4, 11, 'سائر اللازمة ومطالبة حدة بل. الآخر الحلفاء أن غزو, إجلاء وتنامت عدد مع. لقهر معركة لبلجيكا، بـ انه, ربع الأثنان المقيتة في, اقتصّت المحور حدة و. هذه ما طرفاً عالمية استسلام, الصين وتنامت حين ٣٠, ونتج والحزب المذابح كل جوي. أسر كارثة المشتّتون بل, وبعض وبداية الصفحة غزو قد, أي بحث تعداد الجنوب.سائر اللازمة ومطالبة حدة بل. الآخر الحلفاء أن غزو, إجلاء وتنامت عدد مع. لقهر معركة لبلجيكا، بـ انه, ربع الأثنان المقيتة في, اقتصّت المحور حدة و. هذه ما طرفاً عالمية استسلام, الصين وتنامت حين ٣٠, ونتج والحزب المذابح كل جوي. أسر كارثة المشتّتون بل, وبعض وبداية الصفحة غزو قد, أي بحث تعداد الجنوب.', '12321', '4543768', NULL, NULL, '2021-06-16 22:17:24', '2021-06-16 22:17:24', 2),
(23, 'السبع', 73, '2', 11, NULL, 'محمد', NULL, '02151515815215', 2, 445, 4, 11, 'سائر اللازمة ومطالبة حدة بل. الآخر الحلفاء أن غزو, إجلاء وتنامت عدد مع. لقهر معركة لبلجيكا، بـ انه, ربع الأثنان المقيتة في, اقتصّت المحور حدة و. هذه ما طرفاً عالمية استسلام, الصين وتنامت حين ٣٠, ونتج والحزب المذابح كل جوي. أسر كارثة المشتّتون بل, وبعض وبداية الصفحة غزو قد, أي بحث تعداد الجنوب.سائر اللازمة ومطالبة حدة بل. الآخر الحلفاء أن غزو, إجلاء وتنامت عدد مع. لقهر معركة لبلجيكا، بـ انه, ربع الأثنان المقيتة في, اقتصّت المحور حدة و. هذه ما طرفاً عالمية استسلام, الصين وتنامت حين ٣٠, ونتج والحزب المذابح كل جوي. أسر كارثة المشتّتون بل, وبعض وبداية الصفحة غزو قد, أي بحث تعداد الجنوب.', '12321', '4543768', NULL, NULL, '2021-06-16 22:19:51', '2021-06-16 22:19:51', 2),
(24, 'الكنجو', 73, '4', 11, NULL, 'محمد', NULL, '0518125185464', 2, 453, 4, 33, 'سائر اللازمة ومطالبة حدة بل. الآخر الحلفاء أن غزو, إجلاء وتنامت عدد مع. لقهر معركة لبلجيكا، بـ انه, ربع الأثنان المقيتة في, اقتصّت المحور حدة و. هذه ما طرفاً عالمية استسلام, الصين وتنامت حين ٣٠, ونتج والحزب المذابح كل جوي. أسر كارثة المشتّتون بل, وبعض وبداية الصفحة غزو قد, أي بحث تعداد الجنوب.سائر اللازمة ومطالبة حدة بل. الآخر الحلفاء أن غزو, إجلاء وتنامت عدد مع. لقهر معركة لبلجيكا، بـ انه, ربع الأثنان المقيتة في, اقتصّت المحور حدة و. هذه ما طرفاً عالمية استسلام, الصين وتنامت حين ٣٠, ونتج والحزب المذابح كل جوي. أسر كارثة المشتّتون بل, وبعض وبداية الصفحة غزو قد, أي بحث تعداد الجنوب.', '5765484', '4357665', NULL, NULL, '2021-06-16 22:20:52', '2021-06-16 22:20:52', 2),
(25, '543fdg', 3, '2', 11, NULL, 'محمد', NULL, '43543', 1, 435, 435, 435, '345fdgfd', '3456546', '435435', NULL, NULL, '2021-06-16 22:23:32', '2021-06-16 22:23:32', 2),
(26, '34543', 1, '1', 11, NULL, 'محمد', NULL, '5435435', 1, 54, 435, 435, 'fdgdf', '43564', '354543', NULL, NULL, '2021-06-16 22:26:59', '2021-06-16 22:26:59', 1),
(27, '34543', 1, '1', 11, NULL, 'محمد', NULL, '5435435', 1, 54, 435, 435, 'fdgdf', '43564', '354543', NULL, NULL, '2021-06-16 22:30:14', '2021-06-16 22:30:14', 1),
(28, 'frrgfdg', 79, '1', 11, NULL, 'محمد', NULL, 'fdgfdg', 2, 4, 435, 453, '4343', '43', '43', NULL, '-747-f4eb8da9263f7d196590b1e0d469b5a9.jpg', '2021-06-16 22:33:37', '2021-06-16 22:33:37', 1),
(29, '543fdg', 3, '2', 11, NULL, 'محمد', NULL, '43543', 1, 435, 435, 435, '345fdgfd', '3456546', '435435', NULL, NULL, '2021-06-16 22:23:32', '2021-06-16 22:23:32', NULL),
(30, '34543', 1, '1', 11, NULL, 'محمد', NULL, '5435435', 1, 54, 435, 435, 'fdgdf', '43564', '354543', NULL, NULL, '2021-06-16 22:26:59', '2021-06-16 22:26:59', NULL),
(31, '34543', 1, '1', 11, NULL, 'محمد', NULL, '5435435', 1, 54, 435, 435, 'fdgdf', '43564', '354543', NULL, NULL, '2021-06-16 22:30:14', '2021-06-16 22:30:14', NULL),
(32, 'frrgfdg', 79, '1', 11, NULL, 'محمد', NULL, 'fdgfdg', 2, 4, 435, 453, '4343', '43', '43', NULL, '-747-f4eb8da9263f7d196590b1e0d469b5a9.jpg', '2021-06-16 22:33:37', '2021-06-16 22:33:37', NULL),
(33, 'الكهرابء للتوريد', 72, '4', 11, NULL, 'محمد', NULL, '01028874585', 2, 4, 44, 56, 'سائر اللازمة ومطالبة حدة بل. الآخر الحلفاء أن غزو, إجلاء وتنامت عدد مع. لقهر معركة لبلجيكا، بـ انه, ربع الأثنان المقيتة في, اقتصّت المحور حدة و. هذه ما طرفاً عالمية استسلام, الصين وتنامت حين ٣٠, ونتج والحزب المذابح كل جوي. أسر كارثة المشتّتون بل, وبعض وبداية الصفحة غزو قد, أي بحث تعداد الجنوب.سائر اللازمة ومطالبة حدة بل. الآخر الحلفاء أن غزو, إجلاء وتنامت عدد مع. لقهر معركة لبلجيكا، بـ انه, ربع الأثنان المقيتة في, اقتصّت المحور حدة و. هذه ما طرفاً عالمية استسلام, الصين وتنامت حين ٣٠, ونتج والحزب المذابح كل جوي. أسر كارثة المشتّتون بل, وبعض وبداية الصفحة غزو قد, أي بحث تعداد الجنوب.', '5654654', '566546', NULL, '-11--820-3.png', '2021-06-19 20:21:36', '2021-06-19 20:21:36', NULL),
(34, 'الكهرابء للتوريد', 74, '4', 11, NULL, 'محمد', NULL, '01028874585', 2, 4, 44, 56, 'سائر اللازمة ومطالبة حدة بل. الآخر الحلفاء أن غزو, إجلاء وتنامت عدد مع. لقهر معركة لبلجيكا، بـ انه, ربع الأثنان المقيتة في, اقتصّت المحور حدة و. هذه ما طرفاً عالمية استسلام, الصين وتنامت حين ٣٠, ونتج والحزب المذابح كل جوي. أسر كارثة المشتّتون بل, وبعض وبداية الصفحة غزو قد, أي بحث تعداد الجنوب.سائر اللازمة ومطالبة حدة بل. الآخر الحلفاء أن غزو, إجلاء وتنامت عدد مع. لقهر معركة لبلجيكا، بـ انه, ربع الأثنان المقيتة في, اقتصّت المحور حدة و. هذه ما طرفاً عالمية استسلام, الصين وتنامت حين ٣٠, ونتج والحزب المذابح كل جوي. أسر كارثة المشتّتون بل, وبعض وبداية الصفحة غزو قد, أي بحث تعداد الجنوب.', '5654654', '566546566546', NULL, '-702--820-3.png', '2021-06-19 20:24:19', '2021-06-19 20:24:19', NULL),
(35, 'النجار 2', 6, '1', 11, NULL, 'محمد', NULL, '051515151', 1, 3, 3, 4, 'سائر اللازمة ومطالبة حدة بل. الآخر الحلفاء أن غزو, إجلاء وتنامت عدد مع. لقهر معركة لبلجيكا، بـ انه, ربع الأثنان المقيتة في, اقتصّت المحور حدة و. هذه ما طرفاً عالمية استسلام, الصين وتنامت حين ٣٠, ونتج والحزب المذابح كل جوي. أسر كارثة المشتّتون بل, وبعض وبداية الصفحة غزو قد, أي بحث تعداد الجنوب.سائر اللازمة ومطالبة حدة بل. الآخر الحلفاء أن غزو, إجلاء وتنامت عدد مع. لقهر معركة لبلجيكا، بـ انه, ربع الأثنان المقيتة في, اقتصّت المحور حدة و. هذه ما طرفاً عالمية استسلام, الصين وتنامت حين ٣٠, ونتج والحزب المذابح كل جوي. أسر كارثة المشتّتون بل, وبعض وبداية الصفحة غزو قد, أي بحث تعداد الجنوب.', '5654654', '54654654', NULL, '-300--134-5.png', '2021-06-19 20:32:44', '2021-06-19 20:32:44', 1),
(36, 'النجار 2', 73, '1', 11, NULL, 'محمد', 'اخرى', '051515151', 2, 3, 3, 4, 'سائر اللازمة ومطالبة حدة بل. الآخر الحلفاء أن غزو, إجلاء وتنامت عدد مع. لقهر معركة لبلجيكا، بـ انه, ربع الأثنان المقيتة في, اقتصّت المحور حدة و. هذه ما طرفاً عالمية استسلام, الصين وتنامت حين ٣٠, ونتج والحزب المذابح كل جوي. أسر كارثة المشتّتون بل, وبعض وبداية الصفحة غزو قد, أي بحث تعداد الجنوب.سائر اللازمة ومطالبة حدة بل. الآخر الحلفاء أن غزو, إجلاء وتنامت عدد مع. لقهر معركة لبلجيكا، بـ انه, ربع الأثنان المقيتة في, اقتصّت المحور حدة و. هذه ما طرفاً عالمية استسلام, الصين وتنامت حين ٣٠, ونتج والحزب المذابح كل جوي. أسر كارثة المشتّتون بل, وبعض وبداية الصفحة غزو قد, أي بحث تعداد الجنوب.', '5654654', '54654654', NULL, '-614--134-5.png', '2021-06-19 20:36:01', '2021-06-19 20:36:01', 1),
(37, 'النجار 2', 4, '1', 11, NULL, 'محمد', NULL, '051515151', 1, 3, 3, 4, 'سائر اللازمة ومطالبة حدة بل. الآخر الحلفاء أن غزو, إجلاء وتنامت عدد مع. لقهر معركة لبلجيكا، بـ انه, ربع الأثنان المقيتة في, اقتصّت المحور حدة و. هذه ما طرفاً عالمية استسلام, الصين وتنامت حين ٣٠, ونتج والحزب المذابح كل جوي. أسر كارثة المشتّتون بل, وبعض وبداية الصفحة غزو قد, أي بحث تعداد الجنوب.سائر اللازمة ومطالبة حدة بل. الآخر الحلفاء أن غزو, إجلاء وتنامت عدد مع. لقهر معركة لبلجيكا، بـ انه, ربع الأثنان المقيتة في, اقتصّت المحور حدة و. هذه ما طرفاً عالمية استسلام, الصين وتنامت حين ٣٠, ونتج والحزب المذابح كل جوي. أسر كارثة المشتّتون بل, وبعض وبداية الصفحة غزو قد, أي بحث تعداد الجنوب.', NULL, '54654654', NULL, '-579--134-5.png', '2021-06-19 20:52:00', '2021-06-19 20:52:00', 1),
(38, 'الوليد', 5, '1', 11, NULL, 'محمد', 'صاحب عمل', '5643654654', 1, 6, 6, 7, 'اخرى سائر اللازمة ومطالبة حدة بل. الآخر الحلفاء أن غزو, إجلاء وتنامت عدد مع. لقهر معركة لبلجيكا، بـ انه, ربع الأثنان المقيتة في, اقتصّت المحور حدة و. هذه ما طرفاً عالمية استسلام, الصين وتنامت حين ٣٠, ونتج والحزب المذابح كل جوي. أسر كارثة المشتّتون بل, وبعض وبداية الصفحة غزو قد, أي بحث تعداد الجنوب.سائر اللازمة ومطالبة حدة بل. الآخر الحلفاء أن غزو, إجلاء وتنامت عدد مع. لقهر معركة لبلجيكا، بـ انه, ربع الأثنان المقيتة في, اقتصّت المحور حدة و. هذه ما طرفاً عالمية استسلام, الصين وتنامت حين ٣٠, ونتج والحزب المذابح كل جوي. أسر كارثة المشتّتون بل, وبعض وبداية الصفحة غزو قد, أي بحث تعداد الجنوب.', '45435', '43543534', NULL, '-119--151-4.png', '2021-06-19 20:53:27', '2021-06-19 20:53:27', 1),
(39, 'Golden Yot', 1, '1', 23, NULL, 'aly', 'صاحب عمل', '010000000000', 1, 1, 1, 1, ',mlksjknfmk.jalmchytfugyhjl kjkugf nughijlk;m, mjirytfugyh', ';lkjhygtjyrfgkhlkj', 'ljbgkyrfgbhjlmjhg', NULL, '-9-icons8-clock-100.png', '2021-06-22 11:09:48', '2021-06-22 11:09:48', 1),
(40, 'الكهرابء للتوريد', 74, '1', 11, NULL, 'محمد', 'مدير تسويق', '052151515', 2, 3, 33, 3, '434444444444444444444', '435345', '5646546546', NULL, '-706-Pearl beads - logo-01.png', '2021-06-22 15:18:52', '2021-06-22 15:18:52', 1),
(41, 'golden city', 5, '2', 23, NULL, 'aly', 'صاحب عمل', '01119255555555', 1, 22, 11, 5, 'lksdhfsdjkl huiy huoi yu;kj iu;', '565656', '65656', NULL, '-41-download.png', '2021-06-22 15:48:56', '2021-06-22 15:48:56', 2),
(42, 'عالم واحد', 1, '1', 25, NULL, 'هاني عامر كافي', 'صاحب عمل', '01111114645', 1, 17, 1, NULL, 'شركة تشطيبات ومقاولات', NULL, NULL, NULL, '-697-neeew poster.jpg', '2021-06-25 19:06:40', '2021-06-25 19:06:40', 1);

-- --------------------------------------------------------

--
-- Table structure for table `compound`
--

CREATE TABLE `compound` (
  `id` int(11) NOT NULL,
  `compound` varchar(255) CHARACTER SET utf8 NOT NULL
) ENGINE=MyISAM DEFAULT CHARSET=latin1;

--
-- Dumping data for table `compound`
--

INSERT INTO `compound` (`id`, `compound`) VALUES
(1, 'Golden City'),
(2, 'جراند سيتي المرشدي'),
(3, 'تيجان وادي دجلة'),
(4, 'دجلة فيو المرشدي'),
(5, 'ابراج طيبة'),
(6, '4'),
(7, '4'),
(8, 'كمباوند سما القاهر'),
(9, 'كمباوند لوران'),
(10, 'تيجان وادي دجلة'),
(11, '1'),
(12, 'dfd'),
(13, '5546'),
(14, '55'),
(15, 'لا يوجد'),
(16, '1'),
(17, '4'),
(18, 'ماونتن فيو'),
(19, '5'),
(20, 'الا'),
(21, 'Uhg'),
(22, 'كمباوند وادي دجله'),
(23, 'كمباوند الاميرال'),
(24, 'كمباوند جراند سيتي'),
(25, 'جراند سيتي المرشدي'),
(26, 'كمباوند جراند سيتي المرشدي'),
(27, '2'),
(28, '2'),
(29, '4'),
(30, '5vbn'),
(31, '5'),
(32, 'Mountain View'),
(33, '6'),
(34, '6');

-- --------------------------------------------------------

--
-- Table structure for table `contact_form`
--

CREATE TABLE `contact_form` (
  `id` bigint(20) NOT NULL,
  `phone` varchar(191) CHARACTER SET utf8 NOT NULL,
  `email` varchar(191) CHARACTER SET utf8 NOT NULL,
  `subject` text CHARACTER SET utf8 NOT NULL,
  `body` longtext CHARACTER SET utf8 DEFAULT NULL,
  `updated_at` datetime DEFAULT NULL,
  `created_at` datetime DEFAULT NULL
) ENGINE=MyISAM DEFAULT CHARSET=latin1;

--
-- Dumping data for table `contact_form`
--

INSERT INTO `contact_form` (`id`, `phone`, `email`, `subject`, `body`, `updated_at`, `created_at`) VALUES
(1, '01119255735', 'loolomazo@gmail.com', 'hello', 'trfam,sjgfir kn;kjhghbjk', '2021-06-24 15:37:20', '2021-06-24 15:37:20'),
(2, '01119255735', 'ialyzaafan@gmail.com', 'فيلا للبيع', 'مخقثة نتلااتغبا نلاكعكلك', '2021-06-24 15:38:12', '2021-06-24 15:38:12');

-- --------------------------------------------------------

--
-- Table structure for table `district`
--

CREATE TABLE `district` (
  `id` int(11) NOT NULL,
  `district` varchar(191) CHARACTER SET utf8 NOT NULL,
  `govern_id` int(11) NOT NULL
) ENGINE=MyISAM DEFAULT CHARSET=latin1;

--
-- Dumping data for table `district`
--

INSERT INTO `district` (`id`, `district`, `govern_id`) VALUES
(1, 'المعادي', 1),
(2, 'الأميرية', 1),
(3, 'البساتين', 1),
(4, 'التبين', 1),
(5, 'الجمالية', 1),
(6, 'الحلميه الجديده', 1),
(7, 'الدراسة', 1),
(8, 'الدرب الأحمر', 1),
(9, 'الزاوية الحمراء', 1),
(10, 'الزمالك', 1),
(11, 'السيدة زينب', 1),
(12, 'الشرابية', 1),
(13, 'العاصمة الإدارية الجديدة', 1),
(14, 'العباسية', 1),
(15, 'العبور', 1),
(16, 'العتبة', 1),
(17, 'الفسطاط', 1),
(18, 'الماظة', 1),
(19, 'القطامية', 1),
(20, 'القاهرة الجديدة - التجمع', 1),
(21, 'المرج', 1),
(22, 'المطرية', 1),
(24, 'المعصره', 1),
(25, 'المقطم', 1),
(26, 'المنيل', 1),
(27, 'الموسكي', 1),
(28, 'النزهة الجديدة', 1),
(29, 'الوايلي', 1),
(30, 'باب الشعرية', 1),
(31, 'بولاق', 1),
(32, 'جاردن سيتي', 1),
(33, 'جسر السويس', 1),
(34, 'حدائق القبة', 1),
(35, 'حدائق حلوان', 1),
(36, 'حلمية الزيتون', 1),
(37, 'حلوان', 1),
(38, 'دار السلام', 1),
(39, 'رمسيس و امتداد رمسيس', 1),
(40, 'روض الفرج', 1),
(41, 'زهراء المعادى', 1),
(42, 'شبرا', 1),
(43, 'شيراتون', 1),
(44, 'طرة', 1),
(45, 'عزبة النخل', 1),
(46, 'عين شمس', 1),
(47, 'قصر النيل', 1),
(48, 'مدينة 15 مايو', 1),
(49, 'مدينة الرحاب', 1),
(50, 'مدينة السلام', 1),
(51, 'مدينة الشروق', 1),
(52, 'مدينة المستقبل', 1),
(53, 'مدينة بدر', 1),
(54, 'مدينة نصر', 1),
(55, 'مدينتي', 1),
(56, 'مصر الجديدة', 1),
(57, 'مصر القديمة', 1),
(58, 'هليوبوليس الجديدة', 1),
(59, 'وسط القاهرة', 1),
(60, '6 أكتوبر', 12),
(61, 'أبو رواش', 12),
(62, 'أرض اللواء', 12),
(63, 'أوسيم', 12),
(64, 'إمبابة', 12),
(65, 'البدرشين', 12),
(66, 'البراجيل', 12),
(67, 'الحوامدية', 12),
(68, 'الدقى', 12),
(69, 'الشيخ زايد', 12),
(70, 'الصف', 12),
(71, 'العجوزة', 12),
(72, 'محرم بك\r\n', 2),
(73, 'محطة الرمل \r\n', 2),
(74, 'الازاريطة', 2),
(75, 'الابراهيمية \r\n', 2),
(76, 'الحضرة ', 2),
(77, 'الدخيلة \r\n', 2),
(78, 'السيوف ', 2),
(79, 'الشاطبي ', 2),
(80, 'كفر عبده \r\n', 2),
(81, 'كوم الدكة\r\n', 2),
(82, 'العصافرة ', 2),
(83, 'العطارين \r\n', 2),
(84, 'العوايد\r\n', 2),
(85, 'القباري ', 2),
(86, 'لوران ', 2),
(87, 'المعمورة ', 0),
(88, 'المندرة ', 2),
(89, 'المنشية ', 2),
(90, 'ورديان ', 2),
(91, 'باكوس ', 2),
(92, 'بحري ', 2),
(93, 'بولكلي ', 2),
(94, 'جليم ', 2),
(95, 'جناكليس', 2),
(96, 'المنتزة \r\n', 2),
(97, 'الجماارك', 2),
(98, 'حي شرق \r\n', 2),
(99, 'حي غرب \r\n', 2),
(100, 'حي وسط\r\n', 2),
(101, 'راس التين \r\n', 2),
(102, 'زيزينيا ', 2),
(103, 'طوسون ', 2),
(104, 'سان ستيفانو \r\n', 2),
(105, 'ستانلي \r\n', 2),
(106, 'سموحة ', 2),
(107, 'سيدي جابر \r\n', 2),
(108, 'سيدي بشر \r\n', 2),
(109, 'ميامي ', 2),
(110, 'العامرية ', 2),
(111, 'فيكتوريا \r\n', 2),
(112, 'فلمنج', 2),
(113, 'كرموز ', 2),
(114, 'كامب شيزار', 2),
(130, 'المعمورة ', 0),
(158, 'العياط', 12),
(159, 'الكيت كات', 12),
(160, 'المنصورية', 12),
(161, 'المنيب', 12),
(162, 'المهندسين', 12),
(163, 'الهرم', 12),
(164, 'الوراق', 12),
(165, 'بشتيل', 12),
(166, 'بولاق الدكرور', 12),
(167, 'ترسا', 12),
(168, 'جزيرة الدهب وكولدير', 12),
(169, 'حدائق 6 اكتوبر', 12),
(170, 'حدائق الاهرام', 12),
(171, 'حى الجيزة', 12),
(172, 'دهشور', 12),
(173, 'صفط اللبن', 12),
(174, 'غرب سوميد', 12),
(175, 'فيصل', 12),
(176, 'كرداسة', 12),
(177, 'مركز الجيزة', 12),
(178, 'مريوطية', 12),
(179, 'منيل شيحة', 12),
(180, 'ناهيا', 12),
(181, 'أبوصوير', 3),
(182, 'التل الكبير', 3),
(183, 'القصاصين', 3),
(184, 'القنطرة شرق', 3),
(185, 'القنطرة غرب', 3),
(186, 'فايد', 3),
(187, 'مدينة الإسماعيلية', 3),
(188, 'الجونة', 7),
(189, 'الغردقة', 7),
(190, 'القصير', 7),
(191, 'حلايب', 7),
(192, 'شلاتين', 7),
(193, 'رأس غارب', 7),
(194, 'سفاجا', 7),
(195, 'سهل حشيش', 7),
(196, 'مرسى علم', 7),
(197, 'أبو المطامير', 8),
(198, 'أبو حمص', 8),
(199, 'إدكو', 8),
(200, 'الدلنجات', 8),
(201, 'الرحمانية', 8),
(202, 'المحمودية', 8),
(203, 'النوبارية الجديدة', 8),
(204, 'ايتاي البارود', 8),
(205, 'حوش عيسى', 8),
(206, 'دمنهور', 8),
(207, 'رشيد', 8),
(208, 'شبراخيت', 8),
(209, 'كفر الدوار', 8),
(210, 'كوم حمادة', 8),
(211, 'مركز بدر', 8),
(212, 'وادي النطرون', 8),
(213, 'أجا', 13),
(214, 'أخطاب', 13),
(215, 'السنبلاوين', 13),
(216, 'الكردى', 13),
(217, 'المنزلة', 13),
(218, 'المنصورة', 13),
(219, 'المنصورة الجديدة', 13),
(220, 'بلقاس', 13),
(221, 'تمى الامديد', 13),
(222, 'بني عبيد', 13),
(223, 'جمصه', 13),
(224, 'دكرنس', 13),
(225, 'شربين', 13),
(226, 'طلخا', 13),
(227, 'مركز الجمالية', 13),
(228, 'مركز المطريه', 13),
(229, 'منية النصر', 13),
(230, 'ميت سلسيل', 13),
(231, 'ميت غمر', 13),
(232, 'نبروه', 13),
(233, 'العين السخنة', 16),
(234, 'حى الجناين', 16),
(235, 'حى فيصل', 16),
(236, 'حي الأربعين', 16),
(237, 'حي السويس', 16),
(238, 'حي عتاقة', 16),
(239, 'أبو حماد', 17),
(240, 'أبو كبير', 17),
(241, 'أولاد صقر', 17),
(242, 'الإبراهيمية', 17),
(243, 'الحسينية', 17),
(244, 'الزقازيق', 17),
(245, 'الصالحية الجديدة', 17),
(246, 'العاشر من رمضان', 17),
(247, 'القرين', 17),
(248, 'القنايات', 17),
(249, 'بلبيس', 17),
(250, 'ديرب نجم', 17),
(251, 'فاقوس', 17),
(252, 'كفر صقر', 17),
(253, 'مشتول السوق', 17),
(254, 'منيا القمح', 17),
(255, 'ههيا', 17),
(256, 'السنطة', 18),
(257, 'المحلة الكبرى', 18),
(258, 'بسيون', 18),
(259, 'زفتى', 18),
(260, 'سمنود', 18),
(261, 'طنطا', 18),
(262, 'قطور', 18),
(263, 'كفر الزيات', 18),
(265, 'أطسا', 19),
(266, 'إبشواي', 19),
(267, 'الفيوم الجديدة', 19),
(268, 'سنورس', 19),
(269, 'طامية', 19),
(270, 'مدينة الفيوم', 19),
(271, 'يوسف الصديق', 19),
(272, 'الخانكة', 20),
(273, 'الخصوص', 20),
(274, 'القناطر الخيرية', 20),
(275, 'بنها', 20),
(276, 'بهتيم', 20),
(277, 'شبرا الخيمة', 20),
(278, 'شبين القناطر', 20),
(279, 'طوخ', 20),
(280, 'قليوب', 20),
(281, 'قها', 20),
(282, 'كفر شكر', 20),
(283, 'مسطرد', 20),
(284, 'أشمون', 25),
(285, 'الباجور', 25),
(286, 'السادات', 25),
(287, 'الشهداء', 25),
(288, 'بركة السبع', 25),
(289, 'تلا', 25),
(290, 'سرس الليان', 25),
(291, 'شبين الكوم', 25),
(292, 'قويسنا', 25),
(293, 'منوف', 25),
(294, 'أبو قرقاص', 26),
(295, 'العدوة', 26),
(296, 'المنيا الجديدة', 26),
(297, 'بني مزار', 26),
(298, 'دير مواس', 26),
(299, 'سمالوط', 26),
(300, 'مدينة المنيا', 26),
(301, 'مطاي', 26),
(302, 'مغاغة', 26),
(303, 'ملوي', 26),
(304, 'الخارجة', 27),
(305, 'الداخلة', 27),
(306, 'الفرافرة', 27),
(307, 'باريس', 27),
(308, 'بلاط', 27),
(309, 'مدينة موط', 27),
(310, 'إهناسيا', 9),
(311, 'الفشن', 9),
(312, 'الواسطى', 9),
(313, 'ببا', 9),
(314, 'بني سويف الجديدة', 9),
(315, 'سمسطا', 9),
(316, 'مدينة بني سويف', 9),
(317, 'ناصر', 9),
(318, 'حي الجنوب', 10),
(319, 'حي الزهور', 10),
(320, 'حي الشرق', 10),
(321, 'حي الضواحي', 10),
(322, 'حي العرب', 10),
(323, 'حي المناخ', 10),
(324, 'مدينة بورفؤاد', 10),
(568, 'رفح', 23),
(567, 'الشيخ زويد', 23),
(566, 'العريش', 23),
(565, 'الحسنة', 23),
(564, 'نخل', 23),
(563, 'بئر العبد', 23),
(375, 'أبو رديس', 11),
(376, 'أبو زنيمة', 11),
(377, 'دهب', 11),
(378, 'راس سدر', 11),
(379, 'سانت كاترين', 11),
(380, 'شرم الشيخ', 11),
(381, 'طابا', 11),
(383, 'نويبع', 11),
(384, 'الزرقا', 14),
(385, 'السرو', 14),
(386, 'دمياط الجديدة', 14),
(387, 'رأس البر', 14),
(388, 'عزبة البرج', 14),
(389, 'فارسكور', 14),
(390, 'كفر البطيخ', 14),
(391, 'كفر سعد', 14),
(392, 'مدينة دمياط', 14),
(393, 'مركز الروضة', 14),
(394, 'ميت أبوغالب', 14),
(395, 'أخميم', 15),
(396, 'البلينا', 15),
(397, 'العسيرات', 15),
(398, 'المراغة', 15),
(399, 'المنشاة', 15),
(400, 'جرجا', 15),
(401, 'ساقلتة', 15),
(402, 'سوهاج الجديدة', 15),
(403, 'طما', 15),
(404, 'طهطا', 15),
(405, 'مركز جهينة', 15),
(406, 'مركز دار السلام', 15),
(407, 'مركز سوهاج', 15),
(408, 'أبو تشت', 21),
(409, 'الوقف', 21),
(410, 'دشنا', 21),
(411, 'فرشوط', 21),
(412, 'قفط', 21),
(413, 'مدينة قنا', 21),
(414, 'نجع حمادي', 21),
(415, 'نقادة', 21),
(416, 'البرلس', 22),
(417, 'الحامول', 22),
(418, 'الرياض', 22),
(419, 'بلطيم', 22),
(420, 'بيلا', 22),
(421, 'دسوق', 22),
(422, 'سيدى سالم', 22),
(423, 'فوه', 22),
(424, 'قلين', 22),
(425, 'مدينة كفر الشيخ', 22),
(426, 'مطوبس', 22),
(427, 'الحمام', 24),
(428, 'الساحل الشمالي', 24),
(429, 'السلوم', 24),
(430, 'الضبعة', 24),
(431, 'العلمين', 24),
(432, 'النجيلة', 24),
(433, 'براني', 24),
(434, 'سيوة', 24),
(435, 'مرسى مطروح', 24),
(436, 'ابو الريش', 4),
(437, 'ابو سمبل', 4),
(438, 'ادفو', 4),
(439, 'البصيلية', 4),
(440, 'الرديسية', 4),
(441, 'السباعية', 4),
(442, 'دراو', 4),
(443, 'صحارى', 4),
(444, 'كلابشة', 4),
(445, 'كوم امبو', 4),
(446, 'مدينة أسوان', 4),
(447, 'نصر النوبة', 4),
(448, 'أبنوب', 5),
(449, 'أبو تيج', 5),
(450, 'أسيوط الجديدة', 5),
(451, 'البدارى', 5),
(452, 'الغنايم', 5),
(453, 'الفتح', 5),
(454, 'القوصيه', 5),
(455, 'ديروط', 5),
(456, 'ساحل سليم', 5),
(457, 'صدفا', 5),
(458, 'طيبة الجديدة', 5),
(459, 'مدينة أسيوط', 5),
(460, 'منفلوط', 5),
(461, 'أرمنت', 6),
(462, 'إسنا', 6),
(463, 'البياضية', 6),
(464, 'الزينية', 6),
(465, 'الطود', 6),
(466, 'القرنه', 6),
(467, 'مدينة الأقصر', 6),
(469, 'طور سيناء', 11),
(494, 'مركز سوهاج', 15);

-- --------------------------------------------------------

--
-- Table structure for table `employment`
--

CREATE TABLE `employment` (
  `id` int(11) NOT NULL,
  `employment_type` varchar(255) NOT NULL
) ENGINE=MyISAM DEFAULT CHARSET=latin1;

-- --------------------------------------------------------

--
-- Table structure for table `failed_jobs`
--

CREATE TABLE `failed_jobs` (
  `id` bigint(20) UNSIGNED NOT NULL,
  `uuid` varchar(255) COLLATE utf8mb4_unicode_ci NOT NULL,
  `connection` text COLLATE utf8mb4_unicode_ci NOT NULL,
  `queue` text COLLATE utf8mb4_unicode_ci NOT NULL,
  `payload` longtext COLLATE utf8mb4_unicode_ci NOT NULL,
  `exception` longtext COLLATE utf8mb4_unicode_ci NOT NULL,
  `failed_at` timestamp NOT NULL DEFAULT current_timestamp()
) ENGINE=InnoDB DEFAULT CHARSET=utf8mb4 COLLATE=utf8mb4_unicode_ci;

-- --------------------------------------------------------

--
-- Table structure for table `finish_type`
--

CREATE TABLE `finish_type` (
  `finish_id` int(11) NOT NULL,
  `finish_type` text NOT NULL
) ENGINE=InnoDB DEFAULT CHARSET=utf8mb4;

--
-- Dumping data for table `finish_type`
--

INSERT INTO `finish_type` (`finish_id`, `finish_type`) VALUES
(1, 'اكسترا سوبرلوكس'),
(2, 'سوبرلوكس'),
(3, 'لوكس'),
(4, 'تشطيب متوسط'),
(5, 'نص تشطيب'),
(6, 'بدون تشطيب');

-- --------------------------------------------------------

--
-- Table structure for table `floor`
--

CREATE TABLE `floor` (
  `id` int(11) NOT NULL,
  `floor` varchar(199) CHARACTER SET utf8 NOT NULL
) ENGINE=MyISAM DEFAULT CHARSET=latin1;

--
-- Dumping data for table `floor`
--

INSERT INTO `floor` (`id`, `floor`) VALUES
(1, 'البيزمنت'),
(2, 'الارضي'),
(3, 'الاول'),
(4, 'الثاني'),
(5, 'الثالث'),
(6, 'الرابع'),
(7, 'الخامس'),
(8, 'السادس'),
(9, 'السابع'),
(10, 'الثامن'),
(11, 'التاسع'),
(12, 'العاشر'),
(13, 'الحادي عشر'),
(14, 'الثاني عشر'),
(15, 'الثالث عشر'),
(16, 'الرابع عشر'),
(17, 'الخامس عشر فيما فوق');

-- --------------------------------------------------------

--
-- Table structure for table `governrate`
--

CREATE TABLE `governrate` (
  `id` int(11) NOT NULL,
  `governrate` varchar(191) CHARACTER SET utf8 NOT NULL
) ENGINE=MyISAM DEFAULT CHARSET=latin1;

--
-- Dumping data for table `governrate`
--

INSERT INTO `governrate` (`id`, `governrate`) VALUES
(1, 'القاهره'),
(2, 'الإسكندرية'),
(3, 'الإسماعيلية'),
(4, 'أسوان'),
(5, 'أسيوط'),
(6, 'الأقصر'),
(7, 'البحرالأحمر'),
(8, 'البحيرة'),
(9, 'بني سويف'),
(10, 'بور سعيد'),
(11, 'جنوب سيناء'),
(12, 'الجيزة'),
(13, 'الدقهلية'),
(14, 'دمياط'),
(15, 'سوهاج'),
(16, 'السويس'),
(17, 'الشرقية'),
(18, 'الغربية'),
(19, 'الفيوم'),
(20, 'القليوبية'),
(21, 'قنا'),
(22, 'كفر الشيخ'),
(23, 'شمال سيناء'),
(24, 'مطروح'),
(25, 'المنوفية'),
(26, 'المنيا'),
(27, 'الوادي الجديد');

-- --------------------------------------------------------

--
-- Table structure for table `license_type`
--

CREATE TABLE `license_type` (
  `license_id` int(11) NOT NULL,
  `license_type` text NOT NULL
) ENGINE=InnoDB DEFAULT CHARSET=utf8mb4;

--
-- Dumping data for table `license_type`
--

INSERT INTO `license_type` (`license_id`, `license_type`) VALUES
(1, 'سكني'),
(2, 'سكني و اداري'),
(3, 'سكني و تجاري'),
(4, 'صناعي'),
(5, 'زراعي'),
(6, 'مدارس'),
(7, 'لا يوجد');

-- --------------------------------------------------------

--
-- Table structure for table `location`
--

CREATE TABLE `location` (
  `loc_id` int(11) NOT NULL,
  `governrate` text NOT NULL,
  `district` text NOT NULL,
  `area` text NOT NULL
) ENGINE=InnoDB DEFAULT CHARSET=utf8mb4;

--
-- Dumping data for table `location`
--

INSERT INTO `location` (`loc_id`, `governrate`, `district`, `area`) VALUES
(1, 'القاهره', 'المعادي', 'شارع المقريزي'),
(2, 'القاهره', 'مدينه نصر', '');

-- --------------------------------------------------------

--
-- Table structure for table `migrations`
--

CREATE TABLE `migrations` (
  `id` int(10) UNSIGNED NOT NULL,
  `migration` varchar(255) COLLATE utf8mb4_unicode_ci NOT NULL,
  `batch` int(11) NOT NULL
) ENGINE=InnoDB DEFAULT CHARSET=utf8mb4 COLLATE=utf8mb4_unicode_ci;

--
-- Dumping data for table `migrations`
--

INSERT INTO `migrations` (`id`, `migration`, `batch`) VALUES
(1, '2014_10_12_000000_create_users_table', 1),
(2, '2014_10_12_100000_create_password_resets_table', 1),
(3, '2019_08_19_000000_create_failed_jobs_table', 1),
(4, '2021_05_16_140253_create_aqars_table', 1);

-- --------------------------------------------------------

--
-- Table structure for table `mzaya`
--

CREATE TABLE `mzaya` (
  `mzaya_id` int(11) NOT NULL,
  `mzaya_type` text CHARACTER SET utf8mb4 COLLATE utf8mb4_bin NOT NULL,
  `img_name` varchar(255) CHARACTER SET utf8 DEFAULT NULL
) ENGINE=MyISAM DEFAULT CHARSET=latin1;

--
-- Dumping data for table `mzaya`
--

INSERT INTO `mzaya` (`mzaya_id`, `mzaya_type`, `img_name`) VALUES
(1, 'اسانسير', 'elevator.png'),
(2, 'امن', 'policeman.svg'),
(3, 'جراج', 'parking.svg'),
(4, 'حديقه', 'park.svg'),
(6, 'حمام سباحه', 'pool.svg'),
(8, 'مدخل خاص', 'entrance.svg'),
(9, 'كاميرات مراقبه', 'camera.svg'),
(10, 'عفش', 'furn.svg'),
(11, 'تكييفات', 'air-conditioner.svg'),
(12, 'مطبخ', 'kitchen.svg'),
(13, 'عداد كهرباء', 'electric-meter.svg'),
(14, 'عداد مياه', 'water-meter.svg'),
(15, 'عداد غاز', NULL);

-- --------------------------------------------------------

--
-- Table structure for table `offer_type`
--

CREATE TABLE `offer_type` (
  `offer_id` int(11) NOT NULL,
  `type_offer` text NOT NULL
) ENGINE=InnoDB DEFAULT CHARSET=utf8mb4;

--
-- Dumping data for table `offer_type`
--

INSERT INTO `offer_type` (`offer_id`, `type_offer`) VALUES
(1, 'كاش'),
(2, 'تقسيط'),
(3, 'ايجار قانون جديد'),
(4, 'ايجار مفروش'),
(5, 'عقارات تصلح تمويل عقاري');

-- --------------------------------------------------------

--
-- Table structure for table `pages`
--

CREATE TABLE `pages` (
  `id` bigint(20) NOT NULL,
  `page_name` varchar(191) CHARACTER SET utf8 NOT NULL,
  `description` longtext CHARACTER SET utf8 NOT NULL
) ENGINE=MyISAM DEFAULT CHARSET=latin1;

--
-- Dumping data for table `pages`
--

INSERT INTO `pages` (`id`, `page_name`, `description`) VALUES
(1, 'terms_conditions', '\r\n				<h3 class=\"title-icon\">الشروط والاحكام</h3>\r\n\r\n				<p> المحتوى المقروء لصفحة ما سيلهي القارئ عن التركيز على الشكل الخارجي للنص أو شكل توضع الفقرات في\r\n\r\n					الصفحة التي يقرأها. هناك حقيقة مثبتة منذ زمن طويل وهي أن المحتوى المقروء لصفحة ما سيلهي القارئ عن\r\n\r\n					التركيز على الشكل الخارجي للنص أو شك</p>\r\n\r\n				<ul class=\"li-icon\">\r\n\r\n					<li>هناك حقيقة مثبتة منذ زمن طويل وهي أن المحتوى المقروء لصفحة ما سيلهي القارئ عن التركيز على الشكل\r\n\r\n						الخارجي للنص أو شكل توضع الفقرات في الصفحة التي يقرأها.</li>\r\n\r\n					<li>هناك حقيقة مثبتة منذ زمن طويل وهي أن المحتوى المقروء لصفحة ما سيلهي القارئ عن التركيز على الشكل\r\n\r\n						الخارجي للنص أو شكل توضع الفقرات في الصفحة التي يقرأها.</li>\r\n\r\n					<li>هناك حقيقة مثبتة منذ زمن طويل وهي أن المحتوى المقروء لصفحة ما سيلهي القارئ عن التركيز على الشكل\r\n\r\n						الخارجي للنص أو شكل توضع الفقرات في الصفحة التي يقرأها.</li>\r\n\r\n					<li>هناك حقيقة مثبتة منذ زمن طويل وهي أن المحتوى المقروء لصفحة ما سيلهي القارئ عن التركيز على الشكل\r\n\r\n						الخارجي للنص أو شكل توضع الفقرات في الصفحة التي يقرأها.</li>\r\n\r\n\r\n\r\n				</ul>\r\n\r\n				<!-- refund policy -->\r\n\r\n				<h5>سياسة الاسترجاع</h5>\r\n\r\n				<p> المحتوى المقروء لصفحة ما سيلهي القارئ عن التركيز على الشكل الخارجي للنص أو شكل توضع الفقرات في\r\n\r\n					الصفحة التي يقرأها. هناك حقيقة مثبتة منذ زمن طويل وهي أن المحتوى المقروء لصفحة ما سيلهي القارئ عن\r\n\r\n					التركيز على الشكل الخارجي للنص أو شك</p>\r\n\r\n				<!--website disclamer -->\r\n\r\n				<h5>إخلاء مسؤولية</h5>\r\n\r\n				<ul class=\"li-icon\">\r\n\r\n					<li>هناك حقيقة مثبتة منذ زمن طويل وهي أن المحتوى المقروء لصفحة ما سيلهي القارئ عن التركيز على الشكل\r\n\r\n						الخارجي للنص أو شكل توضع الفقرات في الصفحة التي يقرأها.</li>\r\n\r\n					<li>هناك حقيقة مثبتة منذ زمن طويل وهي أن المحتوى المقروء لصفحة ما سيلهي القارئ عن التركيز على الشكل\r\n\r\n						الخارجي للنص أو شكل توضع الفقرات في الصفحة التي يقرأها.</li>\r\n\r\n				</ul>\r\n\r\n				<!-- privacy policy -->\r\n\r\n				<h5>سياسه الخصوصيه</h5>\r\n\r\n				<p>هناك حقيقة مثبتة منذ زمن طويل وهي أن المحتوى المقروء لصفحة ما سيلهي القارئ عن التركيز على الشكل\r\n\r\n					الخارجي للنص أو شكل توضع الفقرات في الصفحة التي يقرأها.</p>\r\n\r\n				<p>هناك حقيقة مثبتة منذ زمن طويل وهي أن المحتوى المقروء لصفحة ما سيلهي القارئ عن التركيز على الشكل\r\n\r\n					الخارجي للنص أو شكل توضع الفقرات في الصفحة التي يقرأها.</p>\r\n\r\n				<!--secuirty-->\r\n\r\n				<h5>الامان</h5>\r\n\r\n				<p>هناك حقيقة مثبتة منذ زمن طويل وهي أن المحتوى المقروء لصفحة ما سيلهي القارئ عن التركيز على الشكل\r\n\r\n					الخارجي للنص أو شكل توضع الفقرات في الصفحة التي يقرأها.</p>\r\n\r\n				<!-- credit card information -->\r\n\r\n				<h5>معلومات بطاقة الائتمان</h5>\r\n\r\n				<p>هناك حقيقة مثبتة منذ زمن طويل وهي أن المحتوى المقروء لصفحة ما سيلهي القارئ عن التركيز على الشكل\r\n\r\n					الخارجي للنص أو شكل توضع الفقرات في الصفحة التي يقرأها.</p>\r\n\r\n\r\n\r\n\r\n\r\n				<!-- Credit card -->\r\n\r\n\r\n\r\n				<h5>كيف نستخدم ملفات تعريف الارتباط</h5>\r\n\r\n				<p>هناك حقيقة مثبتة منذ زمن طويل وهي أن المحتوى المقروء لصفحة ما سيلهي القارئ عن التركيز على الشكل\r\n\r\n					الخارجي للنص أو شكل توضع الفقرات في الصفحة التي يقرأها.</p>\r\n\r\n				<p>هناك حقيقة مثبتة منذ زمن طويل وهي أن المحتوى المقروء ما سيلهي القارئ عن التركيز على الشكل الخارجي\r\n\r\n					للنص أو شكل توضع الفقرات في الصفحة التي يقرأه لصفحة ما سيلهي القارئ عن التركيز على الشكل الخارجي\r\n\r\n					للنص أو شكل توضع الفقرات في الصفحة التي يقرأها.</p>\r\n\r\n\r\n\r\n				<!-- Link to ither websites -->\r\n\r\n\r\n\r\n\r\n\r\n				<h5>الارتباط بمواقع أخرى</h5>\r\n\r\n				<p>هناك حقيقة مثبتة منذ زمن طويل وهي أن المحتوى المقروء ما سيلهي القارئ عن التركيز على الشكل الخارجي\r\n\r\n					للنص أو شكل توضع الفقرات في الصفحة التي يقرأه لصفحة ما سيلهي القارئ عن التركيز على الشكل الخارجي\r\n\r\n					للنص أو شكل توضع الفقرات في الصفحة التي يقرأها.</p>\r\n\r\n\r\n'),
(2, 'about_us', '  <div class=\"row\">\r\n            <div class=\"col-md-6 col-lg-6 d-flex align-items-stretch mb-5 mb-lg-0\">\r\n              <div class=\"icon-box\" data-aos=\"fade-up\" data-aos-delay=\"100\">\r\n                <div class=\"icon\"><i class=\"far fa-eye\"></i></div>\r\n                <h4 class=\"title\"><a href=\"\">الرؤيه</a></h4>\r\n                <p class=\"description\">\r\n\r\n\r\n نصبح أول منصة عقارية داخل جمهوية مصر العريبة وفي بقية الدول في العالم\r\n				\r\n				</p>\r\n              </div>\r\n            </div>\r\n  \r\n          \r\n  \r\n            <div class=\"col-md-6 col-lg-6 d-flex align-items-stretch mb-5 mb-lg-0\">\r\n              <div class=\"icon-box\" data-aos=\"fade-up\" data-aos-delay=\"300\">\r\n                <div class=\"icon\"><i class=\"far fa-gem\"></i></div>\r\n                <h4 class=\"title\"><a href=\"\">القيمه</a></h4>\r\n                <p class=\"description\">\r\n\r\nتوفير منصة رقمية سهلة الاستخدام تربط كل المهتمين بالبحث عن فرص مميزة في العقارات بيع وشراء وايجار \r\n				\r\n				\r\n				</p>\r\n              </div>\r\n            </div>\r\n  \r\n			<div class=\"col-md-12 col-lg-12 d-flex align-items-stretch mt-5 mb-lg-0\">\r\n				<div class=\"icon-box\" data-aos=\"fade-up\" data-aos-delay=\"200\">\r\n				  <div class=\"icon\"><i class=\"fas fa-bullseye\"></i></div>\r\n				  <h4 class=\"title\"><a href=\"\">الهدف</a></h4>\r\n				  <p class=\"description\">\r\n  \r\n  \r\n					  يهدف الموقع الى اتاحة تاحة أكبر عدد من العقارات للمستخدمين، وتسهيل عملية البيع والشراء من خلال إتاحة الوحدات العقارية المعروضة للبيع والايجار بواسطة ملاك الوحدات مباشرة بدون أي وسيط عقاري او سمسار او شركات تسويق ععاري وبدون دفع عمولات عن الشراء او الايجار وكذلك البحث عن افضل الشركات للتشطيبات واعمال الديكور وشركات نقل الاثاث وشركات بيع الاثاث المنزلي والمكتبي وشركات بيع الاجهزة الكهربائية\r\n				  \r\n				  </p>\r\n				</div>\r\n			  </div>\r\n  \r\n          </div>');

-- --------------------------------------------------------

--
-- Table structure for table `password_resets`
--

CREATE TABLE `password_resets` (
  `email` varchar(255) COLLATE utf8mb4_unicode_ci NOT NULL,
  `token` varchar(255) COLLATE utf8mb4_unicode_ci NOT NULL,
  `created_at` timestamp NULL DEFAULT NULL
) ENGINE=InnoDB DEFAULT CHARSET=utf8mb4 COLLATE=utf8mb4_unicode_ci;

--
-- Dumping data for table `password_resets`
--

INSERT INTO `password_resets` (`email`, `token`, `created_at`) VALUES
('g.dd59@yahoo.com', '$2y$10$wuLkZs5e7YDd9IfSX2VVOe38LgcUaG6f1.2jAmXQmEDuHazpRJHNu', '2021-06-16 20:52:27');

-- --------------------------------------------------------

--
-- Table structure for table `personal_access_tokens`
--

CREATE TABLE `personal_access_tokens` (
  `id` bigint(20) UNSIGNED NOT NULL,
  `tokenable_type` varchar(255) COLLATE utf8mb4_unicode_ci NOT NULL,
  `tokenable_id` bigint(20) UNSIGNED NOT NULL,
  `name` varchar(255) COLLATE utf8mb4_unicode_ci NOT NULL,
  `token` varchar(64) COLLATE utf8mb4_unicode_ci NOT NULL,
  `abilities` text COLLATE utf8mb4_unicode_ci DEFAULT NULL,
  `last_used_at` timestamp NULL DEFAULT NULL,
  `created_at` timestamp NULL DEFAULT NULL,
  `updated_at` timestamp NULL DEFAULT NULL
) ENGINE=InnoDB DEFAULT CHARSET=utf8mb4 COLLATE=utf8mb4_unicode_ci;

-- --------------------------------------------------------

--
-- Table structure for table `priceing_sale`
--

CREATE TABLE `priceing_sale` (
  `id` int(11) NOT NULL,
  `type` varchar(191) CHARACTER SET utf8 NOT NULL,
  `description` text CHARACTER SET utf8 DEFAULT NULL,
  `price` double NOT NULL,
  `points` int(11) NOT NULL,
  `desc1` text CHARACTER SET utf8 DEFAULT NULL,
  `desc2` text CHARACTER SET utf8 DEFAULT NULL,
  `desc3` text CHARACTER SET utf8 DEFAULT NULL,
  `color` varchar(191) CHARACTER SET utf8 DEFAULT NULL,
  `title_color` varchar(255) CHARACTER SET utf8 DEFAULT NULL,
  `bk_color` varchar(191) CHARACTER SET utf8 DEFAULT NULL
) ENGINE=MyISAM DEFAULT CHARSET=latin1;

--
-- Dumping data for table `priceing_sale`
--

INSERT INTO `priceing_sale` (`id`, `type`, `description`, `price`, `points`, `desc1`, `desc2`, `desc3`, `color`, `title_color`, `bk_color`) VALUES
(2, 'الباقة المجانيه', 'تعامل مباشر مع المالك', 0, 50, 'اشترك اول مره مجانا', 'وحدات للبيع كل 50000 جنيه من السعر مقابل نقطة واحدة', 'وحدات للايجار كل 250 جنيه من السعر مقابل نقطة واحدة', 'standard-pr', 'standard-title', 'standard-bg'),
(3, 'الباقة العاديه', 'تعامل مباشر مع المالك', 69, 50, 'ادفع 69 جنيه تضاف ٥٠ نقطه في الحساب', 'وحدات للبيع كل 50000 جنيه من السعر مقابل نقطة واحدة', 'وحدات للايجار كل 250 جنيه من السعر  مقابل نقطة واحدة', 'standard-pr', 'standard-title', 'standard-bg'),
(4, 'الباقة الاساسية', 'تعامل مباشر مع المالك', 109, 100, 'ادفع 109 جنيه تضاف 100 نقطه في الحساب', 'للبيع النقطه الواحده مقابل ٥٠٠٠٠ جنيه من سعر الوحده', 'للإيجار النقطه الواحده مقابل  ٢٥٠جنيه من سعر الوحده', 'standard-pr', 'standard-title', 'standard-bg'),
(5, 'الباقة المتخصصة', 'تعامل مباشر مع المالك', 199, 200, 'ادفع 199 جنيه تضاف 200 نقطه في الحساب', 'وحدات للبيع كل 50000 جنيه من السعر مقابل نقطة واحدة', 'وحدات للايجار كل 250 جنيه من السعر  مقابل نقطة واحدة', 'recommended', '.recommended-title', 'recommended-bg'),
(6, 'الباقة الفائقة', 'تعامل مباشر مع المالك', 279, 300, 'ادفع 279 جنيه تضاف 300 نقطه في الحساب', 'وحدات للبيع كل 50000 جنيه من السعر مقابل نقطة واحدة', 'وحدات للايجار كل 250 جنيه من السعر  مقابل نقطة واحدة', 'platinum-pr', 'platinum-title', 'platinum-bg'),
(7, 'الباقة الذهبيه', 'تعامل مباشر مع المالك', 399, 450, 'ادفع 399 جنيه تضاف 450 نقطه في الحساب', 'وحدات للبيع كل 50000 جنيه من السعر مقابل نقطة واحدة', 'وحدات للايجار كل 250 جنيه من السعر  مقابل نقطة واحدة', 'basic-pr', 'basic-title', 'basic-bg');

-- --------------------------------------------------------

--
-- Table structure for table `property_type`
--

CREATE TABLE `property_type` (
  `type_id` int(11) NOT NULL,
  `property_type` text NOT NULL
) ENGINE=InnoDB DEFAULT CHARSET=utf8mb4;

--
-- Dumping data for table `property_type`
--

INSERT INTO `property_type` (`type_id`, `property_type`) VALUES
(1, 'شقه'),
(2, 'فلل خاصه'),
(3, 'روف'),
(4, 'استديو'),
(5, 'شاليهات'),
(6, 'غرف مشاركه'),
(7, 'عمارات'),
(8, 'شقق دوبلكس'),
(9, 'اراضي'),
(10, 'توين هاوس'),
(11, 'بنتاهوس'),
(12, 'عيادات'),
(13, 'دور كامل'),
(14, 'محلات'),
(15, 'حضانات'),
(16, 'مخازن'),
(17, 'كافيهات'),
(18, 'مولات'),
(19, 'صيدليه'),
(20, 'معرض'),
(21, 'مطاعم'),
(22, 'مدارس'),
(23, 'مصانع');

-- --------------------------------------------------------

--
-- Table structure for table `services`
--

CREATE TABLE `services` (
  `id` int(11) NOT NULL,
  `Service` varchar(100) CHARACTER SET utf8mb4 NOT NULL
) ENGINE=MyISAM DEFAULT CHARSET=utf8;

--
-- Dumping data for table `services`
--

INSERT INTO `services` (`id`, `Service`) VALUES
(1, 'شركات نقل الاثاث'),
(2, 'شركات تشطيب و اعمال الديكور'),
(3, 'شركات بيع الاثاث المكتبي والمنزلي'),
(4, 'شركات بيع الاجهزه الكهربائيه');

-- --------------------------------------------------------

--
-- Table structure for table `sessions`
--

CREATE TABLE `sessions` (
  `id` varchar(255) COLLATE utf8mb4_unicode_ci NOT NULL,
  `user_id` bigint(20) UNSIGNED DEFAULT NULL,
  `ip_address` varchar(45) COLLATE utf8mb4_unicode_ci DEFAULT NULL,
  `user_agent` text COLLATE utf8mb4_unicode_ci DEFAULT NULL,
  `payload` text COLLATE utf8mb4_unicode_ci NOT NULL,
  `last_activity` int(11) NOT NULL
) ENGINE=InnoDB DEFAULT CHARSET=utf8mb4 COLLATE=utf8mb4_unicode_ci;

--
-- Dumping data for table `sessions`
--

INSERT INTO `sessions` (`id`, `user_id`, `ip_address`, `user_agent`, `payload`, `last_activity`) VALUES
('xn7YOfMEvybCPJWPQ83ygj0RNXTzjC4NMSUxhhAk', NULL, '114.119.151.4', 'Mozilla/5.0 (Linux; Android 7.0;) AppleWebKit/537.36 (KHTML, like Gecko) Mobile Safari/537.36 (compatible; PetalBot;+https://webmaster.petalsearch.com/site/petalbot)', 'YTozOntzOjY6Il90b2tlbiI7czo0MDoiSWJRTHllb0NVOUpkcjREYkpoNlZLWjM3ZWd6YUVCWHZjdHZkdHBidiI7czo5OiJfcHJldmlvdXMiO2E6MTp7czozOiJ1cmwiO3M6Mzc6Imh0dHBzOi8vYWwta2FmaWdyb3VwLmNvbS9hcWFycy8xNDU1MzYiO31zOjY6Il9mbGFzaCI7YToyOntzOjM6Im9sZCI7YTowOnt9czozOiJuZXciO2E6MDp7fX19', 1625381926),
('YNklr0NakFBkUdWD85qvANUrBRtCN4p3BYGYlMki', NULL, '114.119.158.125', 'Mozilla/5.0 (Linux; Android 7.0;) AppleWebKit/537.36 (KHTML, like Gecko) Mobile Safari/537.36 (compatible; PetalBot;+https://webmaster.petalsearch.com/site/petalbot)', 'YTozOntzOjY6Il90b2tlbiI7czo0MDoiZ2xiZWxPamZ2NThIT2gxdjNvWE1GMlFaTDJBNFVDVjJKRGlJNzVWRiI7czo5OiJfcHJldmlvdXMiO2E6MTp7czozOiJ1cmwiO3M6Mzc6Imh0dHBzOi8vYWwta2FmaWdyb3VwLmNvbS9hcWFycy8xNDU1NTciO31zOjY6Il9mbGFzaCI7YToyOntzOjM6Im9sZCI7YTowOnt9czozOiJuZXciO2E6MDp7fX19', 1625383501),
('Ml7pulOxQbvP6zmGJstkBJLaYHIkh9EaqZU0NzUk', NULL, '34.74.95.130', 'ZoominfoBot (zoominfobot at zoominfo dot com)', 'YTo0OntzOjY6Il90b2tlbiI7czo0MDoiNUNubWo1cktlTFU5VkFZQ3REeWF0QkZoZFJvNUszb0Q2cE5yVzhiaiI7czo5OiJfcHJldmlvdXMiO2E6MTp7czozOiJ1cmwiO3M6Mzc6Imh0dHBzOi8vYWwta2FmaWdyb3VwLmNvbS9hcWFycy8xNDU1MjEiO31zOjY6Il9mbGFzaCI7YToyOntzOjM6Im9sZCI7YTowOnt9czozOiJuZXciO2E6MDp7fX1zOjM6InVybCI7YToxOntzOjg6ImludGVuZGVkIjtzOjM0OiJodHRwczovL2FsLWthZmlncm91cC5jb20vZGFzaGJvYXJkIjt9fQ==', 1625389759),
('8FpgG5gHyIgvxo8WbZ06eJKRrlrO1HZckEsoNa02', NULL, '13.82.138.254', 'Mozilla/5.0 (Windows NT 10.0; Win64; x64) AppleWebKit/537.36 (KHTML, like Gecko) Chrome/78.0.3904.108 Safari/537.36', 'YTozOntzOjY6Il90b2tlbiI7czo0MDoiSU1DU3pFVmJLSjRNUU1PNjZUazB5ck1SN08wQkZ4R0JPbzJKT1FYNSI7czo5OiJfcHJldmlvdXMiO2E6MTp7czozOiJ1cmwiO3M6MjQ6Imh0dHBzOi8vYWwta2FmaWdyb3VwLmNvbSI7fXM6NjoiX2ZsYXNoIjthOjI6e3M6Mzoib2xkIjthOjA6e31zOjM6Im5ldyI7YTowOnt9fX0=', 1625389611);

-- --------------------------------------------------------

--
-- Table structure for table `subarea`
--

CREATE TABLE `subarea` (
  `id` int(11) NOT NULL,
  `area` varchar(191) CHARACTER SET utf8 NOT NULL
) ENGINE=MyISAM DEFAULT CHARSET=latin1;

--
-- Dumping data for table `subarea`
--

INSERT INTO `subarea` (`id`, `area`) VALUES
(1, 'زهراء المعادي'),
(2, 'زهراء المعادي'),
(3, 'سرايات المعادي'),
(4, 'زهراء المعادي'),
(5, '4'),
(6, 'زهراء المعادي'),
(7, 'الزمالك شارع ابو ةلفدا'),
(8, 'الزمالك شارع ابو ةلفدا'),
(9, 'زهراء المعادي'),
(10, 'زهراء المعادي شارع نادي دجلة'),
(11, 'القطامية'),
(12, '6'),
(13, 'شارع النصر'),
(14, 'زهراء المعادي'),
(15, 'سرايات المعادي'),
(16, 'الكورنيش'),
(17, 'القطامية'),
(18, 'مصر الجديدة'),
(19, 'القطامية'),
(20, 'dsf'),
(21, 'cc'),
(22, '456'),
(23, '555'),
(24, ''),
(25, '44'),
(26, '17'),
(27, '1'),
(28, 'تقسيم اللاسلكي'),
(29, 'زهراء المعادي'),
(30, 'تقسيم لاسلكي'),
(31, 'سرايات المعادي'),
(32, 'ااا'),
(33, 'Vhg'),
(34, 'سرايات المعادي'),
(35, 'زهراء المعادي الشطر العاشر'),
(36, 'قطامية'),
(37, 'دجلة'),
(38, 'القطامية'),
(39, 'تقسيم الخطيب'),
(40, 'تقسيم الللاسلكي'),
(41, 'تقسيم اللاسلكي'),
(42, 'شارع النصر'),
(43, 'الكورنيش'),
(44, 'القطامية المعادي'),
(45, 'زهراء المعادي'),
(46, 'شارع المتلع'),
(47, 'البساتين'),
(48, '8'),
(49, '4'),
(50, '3'),
(51, 'زهراء المعادي'),
(52, '6');

-- --------------------------------------------------------

--
-- Table structure for table `users`
--

CREATE TABLE `users` (
  `id` bigint(20) NOT NULL,
  `name` varchar(255) COLLATE utf8mb4_unicode_ci NOT NULL,
  `email` varchar(255) COLLATE utf8mb4_unicode_ci NOT NULL,
  `email_verified_at` timestamp NULL DEFAULT NULL,
  `password` varchar(255) COLLATE utf8mb4_unicode_ci NOT NULL,
  `two_factor_secret` text COLLATE utf8mb4_unicode_ci DEFAULT NULL,
  `two_factor_recovery_codes` text COLLATE utf8mb4_unicode_ci DEFAULT NULL,
  `remember_token` varchar(100) COLLATE utf8mb4_unicode_ci DEFAULT NULL,
  `created_at` timestamp NULL DEFAULT NULL,
  `updated_at` timestamp NULL DEFAULT NULL,
  `MOP` varchar(191) COLLATE utf8mb4_unicode_ci DEFAULT NULL,
  `AGE` varchar(191) COLLATE utf8mb4_unicode_ci DEFAULT NULL,
  `TYPE` varchar(191) COLLATE utf8mb4_unicode_ci DEFAULT NULL,
  `Commercial_Register` varchar(191) COLLATE utf8mb4_unicode_ci DEFAULT NULL,
  `Tax_card` varchar(191) COLLATE utf8mb4_unicode_ci DEFAULT NULL
) ENGINE=InnoDB DEFAULT CHARSET=utf8mb4 COLLATE=utf8mb4_unicode_ci;

--
-- Dumping data for table `users`
--

INSERT INTO `users` (`id`, `name`, `email`, `email_verified_at`, `password`, `two_factor_secret`, `two_factor_recovery_codes`, `remember_token`, `created_at`, `updated_at`, `MOP`, `AGE`, `TYPE`, `Commercial_Register`, `Tax_card`) VALUES
(1, 'aly', 'ialyzaafan@gmail.com', NULL, '', NULL, NULL, NULL, NULL, NULL, NULL, NULL, NULL, NULL, NULL),
(2, 'ashraf', 'iashraf@gmail.com', NULL, '', NULL, NULL, NULL, NULL, NULL, NULL, NULL, NULL, NULL, NULL),
(11, 'محمد', 'g.dd59@yahoo.com', NULL, '$2y$10$WRijDpoanY.XfUJYfpRvW.iriqYVEr0v.NSNwdYQjaDZ9k5Rc1quO', NULL, NULL, NULL, '2021-06-12 20:15:15', '2021-06-12 20:15:15', NULL, NULL, NULL, NULL, NULL),
(12, 'g.dd59@yahddfgfoo.com', 'g.dd59@yahddfgfoo.com', NULL, '$2y$10$MH.NeJPYPKK2wqb.lukpQuok7oAa1Al6prAKJljwZ8Q1c76f0kRv2', NULL, NULL, NULL, '2021-06-17 00:00:21', '2021-06-17 00:00:21', NULL, NULL, NULL, NULL, NULL),
(18, 'dgffdhg', 'g.dddftrtr59@yahoo.com', NULL, '$2y$10$QZgmMX45pnMgjfl0veU4keD0hfmKA2HJlvJqcqO/CqLu6pAjwk46O', NULL, NULL, NULL, '2021-06-19 14:42:50', '2021-06-19 14:42:50', NULL, NULL, NULL, NULL, NULL),
(19, 'الجو', 'g.dd59@yahoo.com55', NULL, '$2y$10$C2UC/87qmm56JJsQTtjTeOGAD44a/cFWn2xeBepNMEAj4un.VEBie', NULL, NULL, NULL, '2021-06-19 15:08:46', '2021-06-19 15:08:46', '051515151', 'من 36 الى 45', 'مشتري', NULL, NULL),
(20, 'عبد الحميد', 'dfdd@gofg.ff', NULL, '$2y$10$PWAY6Gtl9hOksM0rMXF2geVkcju6SNS.MuD3EL9whU2Pf2qPNYX1S', NULL, NULL, NULL, '2021-06-21 12:04:10', '2021-06-21 12:04:10', '054151155', 'اكثر من 60', 'بائع', NULL, NULL),
(21, 'mostafa', 'mostafa2299@gmail.com', NULL, '$2y$10$2j9dkqHtVP00v2MyIcTdKu3RQxbxYlPhPLsD.MvgX73zvqEeuHo2i', NULL, NULL, NULL, '2021-06-22 07:19:29', '2021-06-22 07:19:29', NULL, NULL, NULL, NULL, NULL),
(22, 'aly hassan ahmed', 'llllll@gmail.com', NULL, '$2y$10$RIIsjDVcwhVWZJCfqK3omeW/b7gW/Ibcoju2Ln.m33pLhtUehzCKe', NULL, NULL, NULL, '2021-06-22 11:04:48', '2021-06-22 11:04:48', '011111875240', 'من 18 - الى 25', 'بائع', NULL, NULL),
(23, 'aly', 'aly@gmail.com', NULL, '$2y$10$3m5wTg/2Y.yPXyB6xSYxdOc5714LTAWNdmQWYPRfrpfmpVrKXBNQm', NULL, NULL, NULL, '2021-06-22 11:05:58', '2021-06-22 11:05:58', '0100000000000', 'من 18 - الى 25', 'بائع', NULL, NULL),
(24, 'ashraf', 'ash@g55mail.com', NULL, '$2y$10$4bxJDe/ScNCX/PkVie26peAufaXRdNyqx0OCOKaX7MxvBK.0zu.mu', NULL, NULL, NULL, '2021-06-22 15:27:51', '2021-06-22 15:27:51', '042425885', 'من 26 الى 35', 'مشتري', NULL, NULL),
(25, 'هاني عامر كافي', 'one_world2011@yahoo.com', NULL, '$2y$10$ToW0RcfsS502TkfY2bFU/.GVd/VfvxL8HAb26vp1wBeStgfE278.u', NULL, NULL, NULL, '2021-06-22 18:04:39', '2021-06-22 18:04:39', '01111114645', 'من 36 الى 45', 'بائع', NULL, NULL),
(26, 'dgfgrfgfg', 'g.dd59@55.com', NULL, '$2y$10$9BxycgoQuC0./lvgdbgCkuwmJ6QmoCwJgpTxBT0EcrCPhP/hY159O', NULL, NULL, NULL, '2021-06-27 12:03:25', '2021-06-27 12:03:25', '5654654', 'من 26 الى 35', '2', 'etrewt', '5654654');

-- --------------------------------------------------------

--
-- Table structure for table `users_priceing_sale`
--

CREATE TABLE `users_priceing_sale` (
  `user_id` bigint(20) NOT NULL,
  `pricing_id` bigint(20) NOT NULL,
  `statues` tinyint(4) DEFAULT NULL,
  `created_at` timestamp NOT NULL DEFAULT current_timestamp(),
  `ended_at` timestamp NULL DEFAULT '0000-00-00 00:00:00',
  `updated_at` timestamp NULL DEFAULT NULL
) ENGINE=MyISAM DEFAULT CHARSET=latin1;

--
-- Dumping data for table `users_priceing_sale`
--

INSERT INTO `users_priceing_sale` (`user_id`, `pricing_id`, `statues`, `created_at`, `ended_at`, `updated_at`) VALUES
(23, 5, 1, '2021-06-30 12:16:03', NULL, '2021-06-30 12:16:03');

-- --------------------------------------------------------

--
-- Table structure for table `wish_list`
--

CREATE TABLE `wish_list` (
  `id` int(11) NOT NULL,
  `user_id` int(11) NOT NULL,
  `aqars_id` int(11) NOT NULL
) ENGINE=MyISAM DEFAULT CHARSET=latin1;

--
-- Dumping data for table `wish_list`
--

INSERT INTO `wish_list` (`id`, `user_id`, `aqars_id`) VALUES
(1, 24, 145344);

--
-- Indexes for dumped tables
--

--
-- Indexes for table `aqars`
--
ALTER TABLE `aqars`
  ADD PRIMARY KEY (`id`),
  ADD KEY `offer_type` (`offer_type`),
  ADD KEY `property_type` (`property_type`),
  ADD KEY `license_type` (`license_type`),
  ADD KEY `aqars_ibfk_4` (`user_id`),
  ADD KEY `category` (`category`) USING BTREE,
  ADD KEY `aqars_slug_unique` (`slug`) USING BTREE;

--
-- Indexes for table `aqars_imgs`
--
ALTER TABLE `aqars_imgs`
  ADD PRIMARY KEY (`img_id`);

--
-- Indexes for table `aqar_category`
--
ALTER TABLE `aqar_category`
  ADD PRIMARY KEY (`cat_id`);

--
-- Indexes for table `blogs`
--
ALTER TABLE `blogs`
  ADD PRIMARY KEY (`id`);

--
-- Indexes for table `call_time`
--
ALTER TABLE `call_time`
  ADD PRIMARY KEY (`id`);

--
-- Indexes for table `company`
--
ALTER TABLE `company`
  ADD PRIMARY KEY (`id`);

--
-- Indexes for table `compound`
--
ALTER TABLE `compound`
  ADD PRIMARY KEY (`id`);

--
-- Indexes for table `contact_form`
--
ALTER TABLE `contact_form`
  ADD PRIMARY KEY (`id`);

--
-- Indexes for table `district`
--
ALTER TABLE `district`
  ADD PRIMARY KEY (`id`);

--
-- Indexes for table `employment`
--
ALTER TABLE `employment`
  ADD PRIMARY KEY (`id`);

--
-- Indexes for table `failed_jobs`
--
ALTER TABLE `failed_jobs`
  ADD PRIMARY KEY (`id`),
  ADD UNIQUE KEY `failed_jobs_uuid_unique` (`uuid`);

--
-- Indexes for table `finish_type`
--
ALTER TABLE `finish_type`
  ADD PRIMARY KEY (`finish_id`);

--
-- Indexes for table `floor`
--
ALTER TABLE `floor`
  ADD PRIMARY KEY (`id`);

--
-- Indexes for table `governrate`
--
ALTER TABLE `governrate`
  ADD PRIMARY KEY (`id`);

--
-- Indexes for table `license_type`
--
ALTER TABLE `license_type`
  ADD PRIMARY KEY (`license_id`);

--
-- Indexes for table `location`
--
ALTER TABLE `location`
  ADD PRIMARY KEY (`loc_id`);

--
-- Indexes for table `migrations`
--
ALTER TABLE `migrations`
  ADD PRIMARY KEY (`id`);

--
-- Indexes for table `mzaya`
--
ALTER TABLE `mzaya`
  ADD PRIMARY KEY (`mzaya_id`);

--
-- Indexes for table `offer_type`
--
ALTER TABLE `offer_type`
  ADD PRIMARY KEY (`offer_id`);

--
-- Indexes for table `pages`
--
ALTER TABLE `pages`
  ADD PRIMARY KEY (`id`);

--
-- Indexes for table `password_resets`
--
ALTER TABLE `password_resets`
  ADD KEY `password_resets_email_index` (`email`);

--
-- Indexes for table `priceing_sale`
--
ALTER TABLE `priceing_sale`
  ADD PRIMARY KEY (`id`);

--
-- Indexes for table `property_type`
--
ALTER TABLE `property_type`
  ADD PRIMARY KEY (`type_id`);

--
-- Indexes for table `services`
--
ALTER TABLE `services`
  ADD PRIMARY KEY (`id`);

--
-- Indexes for table `subarea`
--
ALTER TABLE `subarea`
  ADD PRIMARY KEY (`id`);

--
-- Indexes for table `users`
--
ALTER TABLE `users`
  ADD PRIMARY KEY (`id`);

--
-- Indexes for table `wish_list`
--
ALTER TABLE `wish_list`
  ADD PRIMARY KEY (`id`);

--
-- AUTO_INCREMENT for dumped tables
--

--
-- AUTO_INCREMENT for table `aqars`
--
ALTER TABLE `aqars`
  MODIFY `id` bigint(20) UNSIGNED NOT NULL AUTO_INCREMENT, AUTO_INCREMENT=145590;

--
-- AUTO_INCREMENT for table `aqars_imgs`
--
ALTER TABLE `aqars_imgs`
  MODIFY `img_id` int(11) NOT NULL AUTO_INCREMENT, AUTO_INCREMENT=637;

--
-- AUTO_INCREMENT for table `aqar_category`
--
ALTER TABLE `aqar_category`
  MODIFY `cat_id` int(11) NOT NULL AUTO_INCREMENT, AUTO_INCREMENT=4;

--
-- AUTO_INCREMENT for table `blogs`
--
ALTER TABLE `blogs`
  MODIFY `id` bigint(20) NOT NULL AUTO_INCREMENT;

--
-- AUTO_INCREMENT for table `call_time`
--
ALTER TABLE `call_time`
  MODIFY `id` int(11) NOT NULL AUTO_INCREMENT, AUTO_INCREMENT=4;

--
-- AUTO_INCREMENT for table `company`
--
ALTER TABLE `company`
  MODIFY `id` int(11) NOT NULL AUTO_INCREMENT, AUTO_INCREMENT=43;

--
-- AUTO_INCREMENT for table `compound`
--
ALTER TABLE `compound`
  MODIFY `id` int(11) NOT NULL AUTO_INCREMENT, AUTO_INCREMENT=35;

--
-- AUTO_INCREMENT for table `contact_form`
--
ALTER TABLE `contact_form`
  MODIFY `id` bigint(20) NOT NULL AUTO_INCREMENT, AUTO_INCREMENT=3;

--
-- AUTO_INCREMENT for table `district`
--
ALTER TABLE `district`
  MODIFY `id` int(11) NOT NULL AUTO_INCREMENT, AUTO_INCREMENT=569;

--
-- AUTO_INCREMENT for table `employment`
--
ALTER TABLE `employment`
  MODIFY `id` int(11) NOT NULL AUTO_INCREMENT;

--
-- AUTO_INCREMENT for table `failed_jobs`
--
ALTER TABLE `failed_jobs`
  MODIFY `id` bigint(20) UNSIGNED NOT NULL AUTO_INCREMENT;

--
-- AUTO_INCREMENT for table `finish_type`
--
ALTER TABLE `finish_type`
  MODIFY `finish_id` int(11) NOT NULL AUTO_INCREMENT, AUTO_INCREMENT=7;

--
-- AUTO_INCREMENT for table `floor`
--
ALTER TABLE `floor`
  MODIFY `id` int(11) NOT NULL AUTO_INCREMENT, AUTO_INCREMENT=18;

--
-- AUTO_INCREMENT for table `governrate`
--
ALTER TABLE `governrate`
  MODIFY `id` int(11) NOT NULL AUTO_INCREMENT, AUTO_INCREMENT=28;

--
-- AUTO_INCREMENT for table `license_type`
--
ALTER TABLE `license_type`
  MODIFY `license_id` int(11) NOT NULL AUTO_INCREMENT, AUTO_INCREMENT=8;

--
-- AUTO_INCREMENT for table `location`
--
ALTER TABLE `location`
  MODIFY `loc_id` int(11) NOT NULL AUTO_INCREMENT, AUTO_INCREMENT=3;

--
-- AUTO_INCREMENT for table `migrations`
--
ALTER TABLE `migrations`
  MODIFY `id` int(10) UNSIGNED NOT NULL AUTO_INCREMENT, AUTO_INCREMENT=5;

--
-- AUTO_INCREMENT for table `mzaya`
--
ALTER TABLE `mzaya`
  MODIFY `mzaya_id` int(11) NOT NULL AUTO_INCREMENT, AUTO_INCREMENT=16;

--
-- AUTO_INCREMENT for table `offer_type`
--
ALTER TABLE `offer_type`
  MODIFY `offer_id` int(11) NOT NULL AUTO_INCREMENT, AUTO_INCREMENT=6;

--
-- AUTO_INCREMENT for table `pages`
--
ALTER TABLE `pages`
  MODIFY `id` bigint(20) NOT NULL AUTO_INCREMENT, AUTO_INCREMENT=3;

--
-- AUTO_INCREMENT for table `priceing_sale`
--
ALTER TABLE `priceing_sale`
  MODIFY `id` int(11) NOT NULL AUTO_INCREMENT, AUTO_INCREMENT=8;

--
-- AUTO_INCREMENT for table `property_type`
--
ALTER TABLE `property_type`
  MODIFY `type_id` int(11) NOT NULL AUTO_INCREMENT, AUTO_INCREMENT=24;

--
-- AUTO_INCREMENT for table `subarea`
--
ALTER TABLE `subarea`
  MODIFY `id` int(11) NOT NULL AUTO_INCREMENT, AUTO_INCREMENT=53;

--
-- AUTO_INCREMENT for table `users`
--
ALTER TABLE `users`
  MODIFY `id` bigint(20) NOT NULL AUTO_INCREMENT, AUTO_INCREMENT=27;

--
-- AUTO_INCREMENT for table `wish_list`
--
ALTER TABLE `wish_list`
  MODIFY `id` int(11) NOT NULL AUTO_INCREMENT, AUTO_INCREMENT=2;

--
-- Constraints for dumped tables
--

--
-- Constraints for table `aqars`
--
ALTER TABLE `aqars`
  ADD CONSTRAINT `aqars_ibfk_1` FOREIGN KEY (`offer_type`) REFERENCES `offer_type` (`offer_id`),
  ADD CONSTRAINT `aqars_ibfk_2` FOREIGN KEY (`property_type`) REFERENCES `property_type` (`type_id`),
  ADD CONSTRAINT `aqars_ibfk_3` FOREIGN KEY (`license_type`) REFERENCES `license_type` (`license_id`),
  ADD CONSTRAINT `aqars_ibfk_4` FOREIGN KEY (`user_id`) REFERENCES `users` (`id`),
  ADD CONSTRAINT `aqars_ibfk_5` FOREIGN KEY (`category`) REFERENCES `aqar_category` (`cat_id`);
COMMIT;

/*!40101 SET CHARACTER_SET_CLIENT=@OLD_CHARACTER_SET_CLIENT */;
/*!40101 SET CHARACTER_SET_RESULTS=@OLD_CHARACTER_SET_RESULTS */;
/*!40101 SET COLLATION_CONNECTION=@OLD_COLLATION_CONNECTION */;
